0,1,2
2021-07-03 22:34:47,1411453396192686082,"libur bukannya bangun siang malah kepagian, eyesss why you?!"
2021-07-03 19:33:18,1411407721149079552,@pangerankent jauh iku maksute jauharotul yo gak se?
2021-07-01 04:03:52,1410449046498537472,pheeeewwww! aku dimana aku dimanaaa
2021-06-29 15:19:04,1409894189764993034,KADAAAAALLLLL!!!
2021-06-28 15:32:04,1409535075377553413,"liat tweet orang2 bahas politik, covid dll makin insecure kok orang-orang pada cerdas si:)"
2021-06-27 03:42:25,1408994098267058184,@pangerankent ngana pe bodi bisa kawann dont worryy!!
2021-06-27 03:24:29,1408989583920881678,aw aw aw! https://t.co/QqqD1GsFdK
2021-06-26 10:54:43,1408740503403732999,Orang-orang pada kenapa si? banyak bet yang aneh. https://t.co/k1k8baovXd
2021-06-26 10:50:32,1408739448259448833,"@pangerankent heh heh! wkwk asuu 
aku kate cangkruk bingung saiki ambek sopo, ancene mbokne dog."
2021-06-26 10:49:48,1408739265819803650,@bukanHRD mataku dicolok?
2021-06-26 10:49:40,1408739230256271365,"@bulenesiaaa well, sudah walaupun masi dengan halusğŸ¤"
2021-06-26 10:49:08,1408739096193687553,@Roxasstrife16 Kalo harus marah berapa orang yang harus dimarahi? belum lagi nerima 'ah drama lu' kayak jadi perempuan susah bgt ya anjing:(
2021-06-26 09:30:44,1408719365906714627,"Pernah satu ketika pas lagi nulis register di kantor, di panggil sama si x ""jek,jeka"" langsung reflek noleh dong, Râ€¦ https://t.co/NlQTVoMgRo"
2021-06-26 09:27:20,1408718511501836289,"diam bukan berarti menikmati, cuman bingung harus bagaimana menyikapi. karena nanti pembelaannya ""elu si pake bajuâ€¦ https://t.co/QSyR5GzpBl"
2021-06-26 09:25:16,1408717991844343811,"percaya ngga percaya, minimal seminggu 2 kali w dapet pelecehan seksual secara verbal."
2021-06-26 09:23:56,1408717654534156289,kangen bat nonton ini siang2 https://t.co/yatfFopjuM
2021-06-26 09:20:35,1408716812158599176,gabut wehhh
2021-06-26 09:17:45,1408716100343271430,"@pangerankent gatau, padahal aku lanang"
2021-06-24 06:36:22,1407950711275413506,sabodo teuingggggg
2021-06-23 15:37:05,1407724398266572803,lonelyyyy im so lonelyyyyğŸ“ˆ
2021-06-22 17:29:44,1407390360561541120,"capek diremehin teros, asu.
.
maksudku adu."
2021-06-22 17:23:01,1407388670215131136,hih kudu ngaplok uwong. https://t.co/mCh64nw2xd
2021-06-16 12:39:05,1405142889932357632,VALID https://t.co/CC5Kw0iSOD
2021-06-16 12:27:55,1405140077433393156,RT @evimsofian: Gofar Hilman mau mengambil jalur hukum. Tapi tidak banyak orang yang paham bahwa â€œjalur hukumâ€ justru sudah menjadi satu koâ€¦
2021-06-10 02:24:24,1402813872973615106,RT @lawless_jkt: Pernyataan resmi dari PT. Lawless Jakarta Indonesia dan PT. Lawless Burgerbar Asia. https://t.co/5dcgGXI3db
2021-06-08 12:53:11,1402247332687613955,"cinta bertepuk sebelah tangan, belum sempet tepuk udah ditinggal malah. wkw"
2021-06-08 04:31:46,1402121146099589120,ngakak asuğŸ˜­ğŸ˜­ https://t.co/ZMBJm6dOEb
2021-06-08 04:29:43,1402120631500480513,@pangerankent malah mma
2021-06-08 04:28:40,1402120369377452034,ada aja kelakuan.
2021-06-07 15:21:55,1401922375583604740,@pangerankent hahahahaha memang ahlinya saya
2021-06-07 15:05:13,1401918171137798145,apesi. abis dateng ilang lagi dateng lagi ilang lagi. tampan lu begitu?
2021-06-05 17:19:51,1401227280358072320,"niat hati nggelapin rambut malah makin terang, jamet detected. https://t.co/4kYrQ4FGHv"
2021-06-05 15:01:41,1401192508583858181,bukan duit namanya kalo ngga cepet ngabisinnya.
2021-06-02 15:09:37,1400107339630268417,"""gede banget, goyangin dong jek, lumayan nih bahan buat ntar malem"" tai, atas dasar nafsu lu kebiri harga diri orang lain."
2021-06-02 15:06:17,1400106503781052418,"mungkin nanti kalo nikah, anak bukan prioritas utama. saya bukan pabrik anak. love forever at the first place."
2021-06-02 15:02:29,1400105546426974209,"Nggak pernah chat, tapi kalo ditanya ""kamu temennya x?"" jawabnya wah itu mah sohib, tapi begitu ketemu mulai dari pâ€¦ https://t.co/KZLTc6kz8C"
2021-06-02 14:59:18,1400104744836767750,"kenapa ya setiap mau bales komenan orang di sosmed, selalu mikir keras ""cringe nggak sih? ah cringe!! bodo amat thiâ€¦ https://t.co/EC5dr8NOG3"
2021-05-23 18:20:01,1396531379433730048,"udah senin aja, cuk. https://t.co/TxOlALgLkV"
2021-05-22 18:48:33,1396176169670647809,"habis di giniin sama orang kantor ""kamu dulu itu jelek banget lo, pas di tv apalagi jelek bgt beda sama sekarang koâ€¦ https://t.co/d2MxwuH9L1"
2021-05-22 18:45:53,1396175499848687619,lagi ngerasa kurusan. https://t.co/k91RIVKK4h
2021-05-22 18:45:05,1396175297540546560,"Plis ya setan, gausa sok cerita dengan awalan 'bukannya apa-apa ya je', fix itu pasti ada apa2. tai lu"
2021-05-20 14:53:29,1395392237840699392,huaaaaaaağŸ˜”
2021-05-17 15:49:11,1394319094439055360,"@fendra_wijaya lek awakmu konstan bucin si xobb, gaada obenggg"
2021-05-12 17:56:19,1392539145898102785,orang tua malu sama anaknya sendiri check!âœ”ï¸
2021-05-07 00:46:02,1390467929607577601,"asli dah penyekatan di waru tuh malah bikin kluster baru, macetnya gaada obeng."
2021-04-29 17:26:59,1387820722312019968,wes biasa~ ebesku seng gaisok biasa.
2021-04-29 17:26:08,1387820507655905289,@pangerankent padahal peringatan kematian keluarganya kok sempet sempete julid:)
2021-04-29 15:19:17,1387788587303784457,"when ibu ibu pasar said ""gak risih ta ndelok anakmu koyok ngono""
also my mom ""seng penting gak meteng disek"""
2021-04-28 17:19:32,1387456459437330434,@nocturnham jamaah~ oo jamaah
2021-04-28 17:17:34,1387455963481874435,enaknya ghibahhh https://t.co/jM0dc99Fcj
2021-04-28 17:15:59,1387455566205788160,@bulenesiaaa benerrr
2021-04-28 14:30:33,1387413933619761152,"btw yang ditilang cuman plat yang beda ya, fyi aku tinggal di surabaya mobilku plat N yang kena tilang rata2 plat lâ€¦ https://t.co/OdsTmLs3Gk"
2021-04-28 14:29:02,1387413551321534476,kaptennya cuman nyaut iya mbak tinggal dibayar hati hati dijalanğŸ¤¢asuww! gini banget cari duit cuk ngaku abdi negara mental mafia.
2021-04-28 14:27:51,1387413254759096325,"setelah lama orangnya kesana, terus kaptennya dateng membawa surat tilang biru dan tinggal bayar ke bank BRI. aku jâ€¦ https://t.co/tVCHvXLBs4"
2021-04-28 14:26:00,1387412790025986049,"aku jawab ""lah ngapain kaget pak, dihubungi ya tinggal bayar kan selesai orang saya minta bukti pembayaran kok ribeâ€¦ https://t.co/zQ7Ecp54CG"
2021-04-28 14:24:46,1387412479110574082,"aku jawab ""kok bukti apa, ya bukti pembayaran saya bayar parkir aja dapet karcis ini sekelas tilang gadapet bukti""â€¦ https://t.co/8tkY4akDOF"
2021-04-28 14:23:04,1387412050637332481,"haruslah w berjalan mengambil uang, dengan linglungnya. pas uang mau dikasih orangnya sok ngejelasin ini sidang ditâ€¦ https://t.co/VXsLhT0taA"
2021-04-28 14:21:22,1387411623212503042,"terus dia minta aku ambil uang, karna aku anaknya anti cash cash club aku bilang saya tf aja pak, yang berarti akuâ€¦ https://t.co/iYZbbcZXvq"
2021-04-28 14:19:57,1387411265245442054,"sampe lupa kmrn mo curhat. ceritanya abis ditilang, grgr katanya aku di jalur tengah dan malah belok kiri. padahalâ€¦ https://t.co/uULe5oPR9P"
2021-04-26 18:35:10,1386750719907168257,"mau curhat ya cuk, tapi besok aja"
2021-04-23 18:30:41,1385662424930414596,"kena banget! sibuk memanusiakan manusia, sampe lupa menuhankan Tuhan."
2021-04-18 21:17:05,1383892365132267524,"@pangerankent long time no heard ur bacotan, kgn ugaa sori sibuk:3"
2021-04-18 21:16:01,1383892094490537986,"ngga tau y, mau cowo se gud looking apapun kalo kebanyakan ngomong asli! di mata sagi hilang sudah ketampanan itu.."
2021-04-18 16:59:43,1383827595091857426,overthinking besok kembali ke rutinitasğŸ¥º
2021-04-17 04:25:26,1383275385366876160,"jadi cewe gatel amat dah, pengen w garuk"
2021-04-16 20:46:55,1383159997052325890,"deketin orang yang disuka âœ–ï¸
menjauh dari orang yang disuka âœ”ï¸
.
makkk! kalo deket bisa salah tingkah mak malu-maluin"
2021-04-04 11:07:52,1378665617549500416,@ahindahh i know km kuat kok y
2021-04-04 11:06:59,1378665397616959495,@fajryaekap nah ini pelakunya
2021-04-04 06:51:55,1378601206315053060,@nocturnham gini bgt hidup ham
2021-04-04 00:33:07,1378505880124067841,Definisi insecure yang sesungguhnya adalah saat temen tongkrongan bawa cewenya terus ngacapruk bareng weh tiba-tibaâ€¦ https://t.co/4ZPhRSkhWm
2021-04-02 16:56:28,1378028572044972035,Tidak punya tempat yg bisa disebut rumah untuk pulang mengistirahatkan rasa lelah dan amarah
2021-03-25 13:58:55,1375084787480727553,"temenku jatuh cinta, tapi ditepis karena takut ditolak. resiko jatuh cinta kan gitu, bahagia atau nelangsa."
2021-03-16 13:17:28,1371812862486704129,"tetap memegang teguh konsep, kalo orang lain bisa kenapa saya. gimana y, ribet amat kalo hidup ala lomba bisa bisa an, cape."
2021-03-05 05:13:27,1367704791665713152,Trauma dengerin lagu michael bubble yang feeling good
2021-03-05 02:05:18,1367657439584161792,"Mungkin dari dulu aku lebih mengedepankan kebahagiaan orang lain, menahan keinginan sebab ada orang lain yang perluâ€¦ https://t.co/2dXdXgaPLo"
2021-03-05 02:03:15,1367656923454074880,"God plans, hari ini hatiku dipatahkan diajak hancur berantakan agar nanti aku lebih bahagia dengan atau tanpa seseorang."
2021-03-04 16:58:47,1367519905667371010,"bakalan lihat aku jatuh se jatuh-jatuhnya, then someday ull see me more happy than this."
2021-03-03 16:40:18,1367152865957933061,aku pas liat orang posting mulu tentang konspirasi vaksin https://t.co/isYTw4lKJE
2021-02-23 16:23:47,1364249606981181440,hasrat hati ingin makan
2021-02-22 16:37:55,1363890775856062466,"jangan hubungkan kerudung dengan akhlak, hm tapi ada perempuan memilih pakai pakaian terbuka seenak jidat dikata loâ€¦ https://t.co/AdoZhZrPtO"
2021-02-20 16:24:38,1363162658002722818,"mau sehebat apapun wanita, kalau sudah menikah ya tetep punya keinginan untuk dinafkahi."
2021-02-15 17:02:37,1361360275438329860,"me rn, saat ada yang ngajakin kenalan. https://t.co/jxVwYtUPZe"
2021-02-14 17:56:43,1361011501952212992,aaa tidak udah hari senin ajağŸ˜­ğŸ˜­
2021-02-13 17:59:22,1360649784458055680,"senandung para budak, cakep ahhh jadi judul mantap"
2021-02-11 03:36:26,1359707844094746626,@ahindahh @pangerankent sopankah begitu? minta disamperin kayak prk?:(
2021-02-09 10:23:24,1359085482391441409,@ahindahh @pangerankent hashhh sombong
2021-02-08 13:37:58,1358772061167001603,@pangerankent jumat yuk disusulin
2021-02-08 13:36:29,1358771687118884865,@pangerankent iyaa yang kerjaannya update makan itulo
2021-02-08 13:11:16,1358765339593482242,kangen my roommate so badğŸ¥º
2021-02-08 13:10:45,1358765210358583296,dan semua teman lelakiku kini sibuk bersama calon istrinya...
2021-02-08 13:09:29,1358764893659230210,@cumagimik_ mawosokk
2021-02-08 13:06:28,1358764133114474497,"Cewe dandan malem malem, buat apa? ya nyenengin diri sendiri lah. https://t.co/i0bxogXbwv"
2021-02-05 15:35:52,1357714566335983617,"pengen keluar dr rumah, as soon as possible:)"
2021-02-04 16:18:40,1357362950571315201,"dulu ngiranya temen kampus adalah circle yg nggak banget krn pada apatis, egois, cari muka depan dosen dll. eh begiâ€¦ https://t.co/TtO1AfkWUx"
2021-02-01 15:46:03,1356267577207480323,"dulu pas jaman teh sisri, aku kalo mokel pake buah keres minumnya air wudhu.
kangen/"
2021-02-01 15:44:31,1356267191302119424,"kalo dia yg lg deketin pas ditanya kita ini apa, terus jawabannya 'pelan-pelan aja dulu, saling mengenal aku blm peâ€¦ https://t.co/Swn5V6jZYH"
2021-02-01 01:46:46,1356056365555322881,"cobaan pagi, kebelet pup pas udah masuk jam kerja"
2021-01-30 18:32:40,1355584731706888192,pengen disayang
2021-01-30 06:12:05,1355398359444451330,@novaladitiara93 daster adalah seragam kebanggaanku
2021-01-30 06:11:49,1355398291555450882,@bromantyo_geary siapppp bosqu
2021-01-30 06:11:40,1355398254695878658,"@GhomedNharatama serem amat pak, inget profilnya pak ingeeet"
2021-01-30 06:11:10,1355398127839105026,"plis kasih saran, cara nolak halus kalo dimintain nomor sama ig pas lagi dikantor pelayanan publik sm mas mas petugasnya:')"
2021-01-29 16:40:18,1355194066590285827,hari yng berantakan sekali:') https://t.co/Ymn192nDys
2021-01-27 11:02:34,1354384296853655553,"Nggak usah terlalu ketat sama pasangan. Tau kan rasanya pake bra baru yang ketat? gatel. kulit dikasih yang ketat aja gatel, gimana cowok."
2021-01-27 11:00:43,1354383833089548291,"me as sagi be lyk : suka sama orang? chat duluan, kangen? ngomong langsung, date? bayar sendiri-sendiri."
2021-01-21 00:18:47,1352047955759439872,"paling jijik sama orang yang jadiin sexual harassment sebagai 'becandaan' doang. Lu becanda dengan 'tak cium', 'takâ€¦ https://t.co/l01U5Z4DBr"
2021-01-14 00:12:12,1349509586550603776,"ini hidup apa uji nyali sih, kalo nggak kuat boleh lambaikan tangan ke kamera nggak?"
2021-01-10 15:54:07,1348297077013401606,"Baru awal tahun, udah ngarep semoga tahun ini segera berlalu aja."
2021-01-09 07:15:04,1347804062901624843,"mau apresiasi diri sendiri, sudah bertahan sekuat ini. makasi badan, kon sangar!"
2021-01-08 16:06:59,1347575537997283329,apa nih yang lagi rame di sosmed? wkwk berasa manusia gua cuk ga sempat tau peradaban
2021-01-05 22:13:34,1346580628456628225,"@Chamberafli itu yg abis viral, 'habis main futsal'"
2021-01-05 22:12:51,1346580447124361216,"@ZainalA_rifin @mohmahfudmd pengen teriak, setujuu yang kencengğŸ˜‚"
2021-01-05 14:30:35,1346464112474169346,"bukan homophobic sih, cuman kalo ngeliat gitu didepan mata astagaaaa sepet anjimm.
respect aja laaa jangan minta dilegalinğŸ˜­"
2021-01-03 16:30:37,1345769546452402177,"sehat ngga sih? kalo tiap berangkat kerja bawaannya lesu, pas kerja senam jantung, begitu pulang ngeluh besok kerja lagil."
2021-01-03 16:28:50,1345769097443770369,masih belum terima kalo besok udah senin aja. https://t.co/pYfbEibQS3
2020-12-30 15:53:50,1344310737074757635,"kerja jadi budak corporate juga nggaenak, yg enak cuma kelon."
2020-12-30 15:51:43,1344310203718668289,ya bebaslah! kan nggak terkenal.
2020-12-30 15:51:09,1344310062458621952,"sudah dituntut selalu baik, kalau tidak baik di cemooh, belum lagi insecure karna karya sendiri, tidak di manusiakaâ€¦ https://t.co/6p5FtVFAPq"
2020-12-30 15:49:07,1344309550652956672,kasus mbak g adalah gambaran nyata menjadi seorang public figure sama sekali tidak menyenangkan.
2020-12-25 05:27:02,1342341060190617602,sabar sabar sabar.
2020-12-21 14:33:56,1341029137847185408,dipenjara realita.
2020-12-21 14:33:33,1341029044138037248,"apa iya, menjadi seseorang yang 'mapan' adalah salah satu bentuk balas budi yang paling di inginkan orang tua?"
2020-12-21 14:06:24,1341022207913312256,kenyang di maki orang:)
2020-12-15 14:18:36,1338850954129461249,"kita lihat saja esok, gimana kepedulian kantor sama pegawainya"
2020-12-12 17:40:35,1337814619436449792,hahahaha ancen kurang ajar https://t.co/6q1FciYqzi
2020-12-12 17:40:13,1337814528298369025,toxic people = Me
2020-12-12 17:39:43,1337814402637033474,"sadar, terlalu banyak mengeluh kurang bersyukur."
2020-12-12 17:39:25,1337814327173152770,rendah diri bukan berarti tak punya harga diri ya.
2020-12-12 14:45:18,1337770508608176133,@Lotaf99 dulu donald trump menang grgr dikira bakalan kalah lo. jangan salah.
2020-12-11 15:10:50,1337414544533155842,waxing adalah wujud nyata beauty is pain..
2020-12-09 15:23:52,1336693051087994882,"Udahlah, tidur. Besok kerja, semangat y:) https://t.co/t3Dex1UtzY"
2020-12-09 15:20:53,1336692301846904834,"masih muda kok golput. itu pilihan yang menentukan masa depan. bos, yang dipilih worst semua masa depan apa yang diâ€¦ https://t.co/9FuGHQLHjc"
2020-12-09 15:18:50,1336691784026447874,"""siapa yang nggak tergiur sama uang milyaran didepan mata""
.
tsay, makanya kalau belum siap jangan jadi pejabat."
2020-12-09 15:16:17,1336691141039648768,"kalau udah tau salah, jangan dibiasain. nanti kayak pejabat, korupsi kok dijadiin budaya."
2020-12-07 14:56:00,1335961260593094656,"dititik, udah ah biarin aja daripada ngomong tar jadi masalah.
.
.
dalem hati sakit bener tapi."
2020-12-04 13:52:03,1334858006249439232,toxic society
2020-11-29 14:56:46,1333062352401358848,"heran, belum jugak jadian udah move on aja."
2020-11-29 08:50:27,1332970164652969984,"dihadapkan kenyataan bahwa semakin dewasa bukannya harus jujur, tapi harus bertopeng."
2020-11-29 08:48:05,1332969571960061952,kurangi ngeluh perbanyak syukur.
2020-11-26 15:17:08,1331980312394362881,anjing banget
2020-11-21 17:37:18,1330203649126133764,literally me in zoom class:))) https://t.co/yuySbhrKF7
2020-11-19 15:10:00,1329441802500386823,"bisa nggak si, manusia abad 20 yang ngerasa keren ini nggausa merendah untuk meroket?"
2020-11-19 15:08:28,1329441418872578057,@ZainalA_rifin @rahasiabulan aaaaa semoga sukaaa!
2020-11-19 15:08:11,1329441348601208834,@pangerankent lek aku rabi kon kudu nyumbang joget
2020-11-18 22:19:45,1329187565367304198,"@ZainalA_rifin bisa jadi, bedanya tingkat kenormalan ngerepotinnya aja"
2020-11-18 16:22:17,1329097606606176256,TETANGGA MASAK GITU?
2020-11-18 16:22:05,1329097555188150272,"sek ta mau nanya, emang nikah itu sebuah pencapaian ta? sebuah keharusan? kalau memang belum siap kenapa harus dipaâ€¦ https://t.co/FnEr069h3Q"
2020-11-18 16:19:01,1329096783935328256,"dasar ibu-ibu, bapak-bapak yang sangat berdosa banget."
2020-11-18 16:18:38,1329096687248236544,"dari pintu mobil di coret pake spidol permanen, sampe di beret sama yang namanya tetangga. kalo nggak bikin repot susah buat tidur nyenyak."
2020-11-18 16:17:20,1329096361560604672,"namanya juga tetangga, kalo ngga ngerepotin ya..
pasti ngerepotin."
2020-11-12 16:53:03,1326931020281647104,Tiba-tiba takut ngga diterima di lingkungan baru:)
2020-11-11 00:16:01,1326317720690851840,"ya gimana, jalanin aja dulu"
2020-11-09 18:14:33,1325864370304294913,"Jam segini tiba2 denger adzan, muadzin lagi tes drive buat ntar subuh. Tapi creepy cvk:("
2020-11-08 19:29:59,1325520963312574464,hari ini luar biasa ya bund
2020-11-07 15:16:13,1325094715679666178,kudu tak buak hp iki ndelok konten uwu2
2020-11-07 07:31:07,1324977667720974337,"Barusan nonton instastory keanu, dara, fadhil dan berujung nangis. Saudara kita sendiri di sumba yang peduli, yangâ€¦ https://t.co/CnRvTh2cBH"
2020-11-07 02:56:11,1324908477957828609,@ZainalA_rifin masih pagi lo ini sudah dibikin shock
2020-11-07 02:54:21,1324908016819294208,aku ini berdosa bangetğŸ¥º
2020-11-06 20:26:58,1324810528372400128,@amadeappp eciyeee
2020-11-04 20:04:29,1324080095066120193,@heysonsin wayahe jogo lilin
2020-11-04 19:52:34,1324077097489346560,@dsuperboy kentu itu proses dimana burung dimasukan ke dalam sangkar.
2020-11-04 19:37:57,1324073418786926592,kok tweet aing isinya sambat semua y
2020-11-04 19:37:18,1324073251945902080,"Enggak ada balas dendam yang lebih epic selain menjadi lebih baik setelah disakiti.
.
mbok pikir aku padamu?"
2020-11-04 14:07:58,1323990373169967106,"@calonemas mau cantik, kadas, kurap manusia ya manusia tsay. ada perasaan juga."
2020-11-02 17:50:16,1323321541644308480,"well, noted. https://t.co/1uXnyf86sC"
2020-11-02 13:12:30,1323251642200809473,@faklutt rasanya kayak udah muntah ditelen lagi.
2020-11-02 12:02:18,1323233973275783168,"Dari kapan taun ngga pernah insecure, ternyata gini rasanya."
2020-10-31 17:57:55,1322598690452762624,"@heysonsin lo yo jelas, masak dandanan bergaya dompet dhuafa:)"
2020-10-31 17:54:28,1322597821980184579,"reaksi awal ketemu gebetan yang ngajakin nongkrong duluan, minta dibayarin makan alasan belum ambil uang:) https://t.co/TSHXm8Ucah"
2020-10-29 18:50:40,1321887190717136897,@pangerankent plss segeralah lulus dan kembali. totally miss u!!!!!
2020-10-29 18:33:23,1321882840414367745,@heysonsin apaan yg dilaksanain
2020-10-29 18:33:03,1321882757899808768,"Gini ya rasanya nulis 'haha' di chat realitanya ya flat aja. Nulis kata 'sayang' yang sebenernya perasaan itu udah pudar, ilang bisa jadi."
2020-10-29 18:28:31,1321881618504585217,"Selamat pagi, Semangat ya kerjanya, Sudah makan? jangan lupa makan ya, Goodnite. 
.
Terus berulang, setiap hari. Saâ€¦ https://t.co/iEIATZb9IF"
2020-10-24 20:12:58,1320095961696223232,"level tertinggi mencintai : rela kehilangan temen demi bertahan dalam hubungan tanpa kepercayaan
.
goblok!"
2020-10-24 12:04:35,1319973057646137345,Me vs Youtube history https://t.co/rRUOIdNNra
2020-10-23 18:41:20,1319710514352566273,Bingung sekarang yang di pengen apaan:')
2020-10-22 14:40:16,1319287460426248194,PLISS!!! BANTU REPORTTTğŸ˜­ğŸ˜­ https://t.co/ESKoYKsIH6
2020-10-22 14:39:46,1319287336136437760,@KucingPutihMeow halo fake account!
2020-10-22 10:43:28,1319227868753227778,pengen makan orang.
2020-10-21 16:58:30,1318959862101929984,kalo kesel gini suka pengen tereak! anjing!!! tod!
2020-10-20 07:58:30,1318461579298402305,@PejuangBubur adaaaa:(( dinamain kucing kucing apaan gitu
2020-10-19 17:06:54,1318237199758864389,"@ahindahh tsay, tenangin diri lo tsay."
2020-10-19 17:06:21,1318237061044785152,@cumagimik_ dipake akun bokep kan serem y pak
2020-10-19 10:58:01,1318144366020423681,"bikin fake acc pake foto w gpp sumpah, cuman jangan jadi akun bokep sama nipu orang itu aja:)"
2020-10-16 12:16:25,1317076931305566209,bukannya ngga sayang sama badan sendiri cuman udah keberaten bawa badan.
2020-10-14 15:26:14,1316399927300247554,apa iya penampilan istri gambaran isi dompet suami?
2020-10-08 13:49:02,1314201139278086150,"PEMBAKAR HALTE, UNTUK PROTES PADA HEBOH. PEMBAKAR HUTAN PADA DIEM AJA.
.
Cuman segini mentalitasnya? membandingkanâ€¦ https://t.co/FmxswPbEt4"
2020-10-08 13:39:42,1314198790069338118,"sampe bakar-bakar gini benernya dimana sih? demo adalah salah satu hak bagi setiap rakyat, kudu di inget dapatnya sâ€¦ https://t.co/uokiMs0epR"
2020-10-06 03:28:37,1313320228399374337,RT @DwiKamaludin: Reality #tolakomnisbuslaw #DPRIRIKhianatiRakyat #OmnibusLawSampah #BatalkanOmnibusLaw https://t.co/4SwJIaQoHt
2020-10-02 18:23:17,1312095829008605184,"Paling nggak suka dengan sebutan jamet, apalagi sampe memberikan justifikasi 'kayak jamet jijik'. Bitch please, theâ€¦ https://t.co/CqAuI2YeVK"
2020-10-02 06:08:06,1311910810642333696,"terus bilang ""gausa terburu-buru, semua butuh proses"" eh besokannya ngilang. https://t.co/zZsVUBbTKj"
2020-10-02 06:04:13,1311909837391843328,@rjbdp dikira kita sapri kali ah
2020-10-01 18:58:21,1311742265308532737,"sebatang mild, menghilangkan rasa gelisahku. terimakasih nikotinâœ¨"
2020-10-01 18:55:06,1311741448354623490,"Udah tau fakboy, masih aja diharepin. Di buncinin lagi.
.
Ada."
2020-10-01 18:52:34,1311740808488394752,"Self-love tuh sama kayak saat cinta dengan orang lain, ada up and downnya. Insecure itu wajar, its a part of love.â€¦ https://t.co/pglRhbn6s5"
2020-09-30 17:25:02,1311356391949398021,@YoGojekYo @bintangemon siapa naro bawang disini woyyğŸ˜­ğŸ˜­
2020-09-30 17:17:21,1311354458824044546,ya Allah kenapa sainganku jadi nambah ke ranah tante tante si banggğŸ˜­ https://t.co/pV3ZEnlnwR
2020-09-29 08:25:54,1310858326922600451,uw uw uwwww! can't waittttâœ¨âœ¨ https://t.co/VTIlUIKdlk
2020-09-29 08:20:00,1310856842919079937,"merinding liat cara mbak nana berbicara di #MataNajwaMenantiTerawan , again we still waitin' and hoping sir."
2020-09-26 02:17:35,1309678472676036614,@cumagimik_ naik kelas kadonya alphard:'
2020-09-25 11:57:23,1309461997927280647,"pengen gitu jadi rafatar, pengen es krim dikasi se kulkas-kulkasnyağŸ¥º"
2020-09-19 19:16:11,1307398096477925381,"knp y ketek cowo sekalinya bau, bau banget bangke. sekalinya wangi, astaga ya ampyon bikin betah."
2020-09-17 20:47:33,1306696316592877569,"@uttazt_ ribet ih, tua lu."
2020-09-17 20:46:40,1306696092499623936,"wah wah wah, jiwa bersosmedku memudar."
2020-09-12 09:29:25,1304713718513639425,"dandan karena emang seneng aja ngeliat diri sendiri look good didepan kaca sebelum jalan, it doesnt mean we dress up to please u tod."
2020-09-10 18:24:05,1304123494158852096,"kenapa orang2 grow upnya pada cepet bener si, baru rasanya kemaren nongkrong pesen good day freeze 1 duduknya sampeâ€¦ https://t.co/ewAHH3hAsB"
2020-09-10 04:27:02,1303912843792625674,"cewe sexy bukan sekedar yang bisa memuaskan pandanganmu, tapi lebih ke pikiranmu karena cara berpikirnya bisa beradu dengan pikiranmu."
2020-09-09 19:32:30,1303778324561362944,kok bisa ya cewek punya banyak temen cewek yang ngobrolnya seru banget?
2020-09-05 19:48:35,1302332819998351361,"tolong berkumpul, apa kalian kehilangan gairah untuk buka instagram dan tiktok? karena setelah buka 2 app itu kalauâ€¦ https://t.co/tM8GmAOP8n"
2020-09-05 19:45:24,1302332022409453568,"seolah-olah kenikmatan seks itu hanya bisa dimiliki oleh pria:)) penting ya saudariku, untuk baca tentang seks educâ€¦ https://t.co/ZvPA4kMeGK"
2020-09-04 03:53:58,1301730195993325568,RT @omeraece: g drive buat belajar bahasa inggris  * A THREAD *
2020-09-03 20:04:52,1301612142097915904,"standar kecantikan itu nggak ada, sifatnya relatif. jadi gausa pada sok kecakepan dengan ngatain fisik orang lain."
2020-09-03 20:02:57,1301611660012998658,"seterganggu apapun ente terhadap fisiknya seseorang, tidak jadi benar kalau hinaan itu ditulis / diucapkan baik secâ€¦ https://t.co/gsiM2PIaAm"
2020-09-02 02:03:13,1300977549560881153,"selamat pagiii, edisi tidak sambat!âœ¨"
2020-08-30 18:06:06,1300132704311111680,"Pesawat baru Garuda Indonesia ada logonya RANS, di Indonesia kekuatan orang dalam memang Anjay gurinjay takanjay-kanjay."
2020-08-30 18:03:07,1300131950875738112,"percaya kalo emang sudah rezeki yang dikasih sama Tuhan, nggak mungkin salah alamat. Karna alamat palsu hanya milikâ€¦ https://t.co/MDQq28BWa5"
2020-08-25 18:25:51,1298325735657148416,"Dia acting julid, netizen julidnya beneran:') https://t.co/dqrvVR4a9Q"
2020-08-25 18:24:08,1298325300720340994,RT @AREAJULID: Dis! Pada kenapa sih? Kan cuma acting ğŸ˜­ lagian actingnya bagus kok https://t.co/HEZMXwlZyT
2020-08-25 18:23:11,1298325062869753857,emak w jadi doyan ngomong anjay gara2 si lutfi. sial!
2020-08-25 18:22:07,1298324793272471558,"Kalo punya om jin, pengen bikin permintaan bisa makan banyak tapi badan tetep kurus."
2020-08-25 18:20:48,1298324462249680898,"yang suka pada nanya :
'kok tangannya banyak bulunya?!'
'kok tt-nya gede' 
'kok pipinya bulet?' 
.
dulu pas pembagiâ€¦ https://t.co/TE7gr9cWXU"
2020-08-24 12:04:24,1297867351765860354,mending tiktok everywhere daripada toket everywhere?!
2020-08-18 20:42:08,1295823318323302400,usaha menghianati hasil
2020-08-15 19:27:11,1294717291351773184,"kok bisa ya cowo yang suka selfie sambil bilang ""cuk aku guanteng""
.
nggak salah cuman kok bisaaa"
2020-08-11 18:20:23,1293250927269253120,"entah kenapa, kalo deg-degan selalu tremor. solusi ampuh hanyalah mild gratisan."
2020-08-11 18:18:45,1293250519163494400,"nuruti budaya sungkan, ditawari mas dodit jameson lahkok muleh2 nggliyeng karo ngakak sak kayahe."
2020-08-11 18:12:15,1293248879828168705,blarrrr!!!!
2020-08-10 19:57:49,1292913058738614273,"@Gedeprakarsa di diemin sekali ngelunjak, 2 kali ngelunjak, 3 kali minta di kunyah ngga sih?"
2020-08-10 19:38:21,1292908162027143169,paling nggak bisa terima kalo sudah pembully-an yang dibawa ranah fisik. lagian mulut anak kecil jaman sekarang kenapa kejam bgt ya?!
2020-08-03 02:40:20,1290115255377358849,"dingertiin, katanya. https://t.co/OBXda3aoqw"
2020-08-02 18:34:20,1289992948638089217,"pengen makan chitatoo, maicihh, samyangggğŸ˜©ğŸ˜©"
2020-08-01 19:20:06,1289642077622542337,"@cepssky gini dong di gass jangan pada lenje, tunduk sm senioritas halah pret."
2020-07-30 15:06:19,1288853436042100736,wkwk ada gitu orang sange liat pocong:( ada ajaa umat wkwkland inihhh
2020-07-29 14:13:03,1288477642778320901,emang ada ya yang namanya temen sejati?
2020-07-29 14:12:22,1288477471386374144,@fendra_wijaya yaopo lek nangis?
2020-07-29 14:12:12,1288477427438456832,@pangerankent grgr dipecat raffi ahmad koyok e wkwk
2020-07-29 14:11:55,1288477357490049024,@eva_stiawn sudah ferguso
2020-07-29 14:11:47,1288477323092561930,"@cumagimik_ mau marah = resiko public figure / dibiarin = seneng digodain 
.
gini bilang jadi influencer dll enak?:))"
2020-07-29 14:09:52,1288476840051404802,"@fadelyulian_ sudah bar-bar gampang crot lagi, bgst:("
2020-07-29 07:59:38,1288383670521171968,"kelakuan netizen instagram yang sangat berpendidikan:))) 
fyi, almost everyday dapet harassment  modelan begini. muâ€¦ https://t.co/2Yq5s8b9v8"
2020-07-29 01:56:03,1288292170651164674,@ZainalA_rifin aku sisan ga mood karo coveran iku wkwk thankyou btw
2020-07-28 06:13:26,1287994555971772416,lemes bgt dah:')
2020-07-24 01:37:35,1286475583543681027,@cumagimik_ gila gila gila twitter udah kaya kamus
2020-07-23 16:51:29,1286343188500959233,"adalagi etika anak muda twitter, ngaceng aka. ngakak kenceng. inspiratif!"
2020-07-17 02:07:14,1283946332487483392,"cantik bukan hanya diukur dari yang lo lihat ya njing, tapi juga yang lo rasa dan pemahaman lo tentang pemikirannyaâ€¦ https://t.co/WdoeakTvq9"
2020-07-15 14:37:30,1283410366915985409,ericko lim budak kontol.
2020-07-13 04:35:09,1282534002776174592,@fendra_wijaya @AndreanErvianto LHO LHO LHO BERBAHAYAAA
2020-07-10 16:26:30,1281625856985624577,sekarang jadi susah bedain antara mental breakdown atau attention seeker. pada gila gila jadi poi lu.
2020-07-07 00:17:18,1280294786587480064,@rahmat_bagus kurang doyan tuh yang lima langkah dari rumah..
2020-07-07 00:13:53,1280293927438827520,"dikata jalanan ruang tamu kali y, jejeran. https://t.co/aAlLQyH3uT"
2020-07-07 00:10:18,1280293026221322242,"""selamat pagi, yuk bangun yuk! mau aku bikinin kopi atau teh?""
.
bajilak!! ngga sabar ngasih morning vibes gini ke anak orang, tapi kapan?"
2020-07-06 18:45:03,1280211173271457793,@ZainalA_rifin @JogjaUpdate kembali kasihhh
2020-06-26 19:34:15,1276599677807325184,@fadelyulian_ yuk
2020-06-26 19:32:10,1276599151237623809,skripsi kontlo https://t.co/55gNaA8ags
2020-06-26 19:25:42,1276597522895564800,"bodyshaming ngga akan pernah ilang dari muka bumi ini, soalnya Tuhan udah bikin neraka sayang kalo ngga ada dihuni."
2020-06-19 18:22:27,1274044891299893248,aku phobia sama yang dateng cuman minta promo aja:)
2020-06-16 13:49:54,1272889137276891137,punya adik doyan pubg mulu-_- https://t.co/UyVsY4Unv5
2020-06-16 05:40:16,1272765917206700032,@meeydeyy emang ada aturan kalo mau bersosial media harus nyambung?
2020-06-15 18:08:52,1272591923367141378,"maunya di ngertiin mulu, anjinglu. https://t.co/kfsLFOtk1J"
2020-06-15 18:08:16,1272591769935376384,@pangerankent dimaafkan pangeranğŸ˜‚
2020-06-15 17:08:36,1272576754394083328,knp si harus berurusan sama cowo brengsek mulu.
2020-06-12 15:57:13,1271471627734138891,"mantap mas fiersa ikut tanggung jawab, bintang yang nanggung mas fiersa bantu jawab. heuheu https://t.co/vZ2Ca2arFV"
2020-06-12 15:56:35,1271471469336256513,"RT @FiersaBesari: @bintangemon Mantap. Kalau ada apa-apa ama lu, tenang aja, gue pasang badan, Tang"
2020-06-12 07:21:44,1271341900293758984,"@Putrimaluu3 @LeoBudiSuryanto toh kalaupun dia tidak meninggal karna covid-pun, memakamkan sendiri bukan ide yang tâ€¦ https://t.co/VmI7YvUurL"
2020-06-12 07:14:34,1271340097309339650,"udah lama ngga liat ke-caper-an ""jumatan dulu biar ganteng"" kangen jugak ternyata."
2020-06-10 19:27:15,1270799706986168320,"janji sama diri sendiri, adekku harus paham sex education."
2020-06-10 19:22:48,1270798586955984896,"@Gedeprakarsa emoh, adekku dikudang fakboy"
2020-06-10 19:22:32,1270798521164152832,@ZainalA_rifin sesok deh tak nggawe tiktok nduwur genteng
2020-06-10 19:22:17,1270798460652892160,@cumagimik_ kangen y
2020-06-10 15:40:42,1270742697305915393,bosen cuk
2020-06-08 18:36:09,1270062073721114624,"@fadelyulian_ haha bapak udah bukan uwu lagi, kalo lg ngambek bukannya dirayu. dibikinin puisi."
2020-06-08 18:31:52,1270060996640399361,"orang orang pada nemu pacar yng uwu gitu dimana sih, pengen tau dah?!"
2020-06-04 02:28:15,1268368941656629256,@FiersaBesari @MFahmi_26
2020-06-02 20:00:40,1267909014576345088,"dia bikin lagu, dan salah satu part lagunya ada yang jiplak lagu orang lain. dipermasalahkan, yang punya lagu aslinâ€¦ https://t.co/TJlYWlF0lE"
2020-06-02 19:52:11,1267906881751863301,"dia bertingkah aneh, pada rame bully. padahal ente jg yang kasih panggung. giliran di bully, bilangnya kenapa sih kâ€¦ https://t.co/ShObbO5C5i"
2020-05-31 12:30:07,1267070856603172865,nangis nontonnyaağŸ˜­ğŸ˜­ https://t.co/mOoFZ6PoIW
2020-05-31 12:29:55,1267070805222912000,RT @whyadore: literally none of this is gonna be on the news ğŸ˜ https://t.co/3eLoCJHysk
2020-05-28 20:40:15,1266107035705376768,"bar sak dinoan udan, saiki hokel hokel hokel."
2020-05-28 16:08:57,1266038761785159683,mas mas viral kacamata di twitter engga tau kali ya kalo di twitter saya ghibahin mulu.
2020-05-27 20:42:10,1265745129777901571,bisa nggak ya
2020-05-25 22:44:16,1265051083438567425,"giliran kitanya udah suka, eh cowonya yang nge-skip. gitu terus siklus percintaan w sampe donald trump bisa ngomongâ€¦ https://t.co/OLRdjhRplN"
2020-05-25 22:13:22,1265043305407975424,gemes banget dipanggil 'non' haha
2020-05-20 19:41:40,1263193190728740864,"gini dong twitter, aku suka keributan. yok ghibah lagi."
2020-05-19 17:21:14,1262795463817703424,ngena!ğŸ˜­ğŸ˜­ https://t.co/lK5PBIeDVi
2020-05-19 17:20:09,1262795190722392064,@pangerankent hampa terasa hidupku tanpa dirimu beb
2020-05-18 20:53:11,1262486412651163648,"kalo kamu belum selesai urusan sam mantan kamu, jangan deketin perempuan lain. dia atau mantan kamu bukan pilihan,â€¦ https://t.co/i6z5n9smGL"
2020-05-17 14:45:55,1262031598129606657,"mendiagnosa diri sendiri lagi jaman, bung soleh. https://t.co/m5xFl0FOgi"
2020-05-17 14:45:36,1262031519738032130,RT @solehsolihun: trend 2020: mengaku introvert.
2020-05-14 15:04:48,1260949187987779586,bego ihhh
2020-05-13 18:31:26,1260638800910434305,"RT @Nurcito_aji: Pacarmu ganteng, berseragam, bersenjata. Nyalinya seberani ini ga?

#rahimku #Akpol https://t.co/BoTi4feXly"
2020-05-13 13:31:44,1260563379166404609,ini orang tuanya begimana si? terus kayak gini malah diviralin ada apa si dimana otaknya coba dimanaaa https://t.co/JQxz6Qwi1s
2020-05-10 21:06:28,1259590653710745600,"â€¢ Lahir di Rumah Sakit
â€¢ Besar di Rumah aja
â€¢ Papa lahir di dukun beranak
â€¢ Mama lahir di bidan

Sering ditanya: ""kâ€¦ https://t.co/urA1ftMGFB"
2020-05-09 21:30:32,1259234322927595521,kangen jaman sma y
2020-05-08 20:41:07,1258859499747606528,"dan teruntuk mas-mas yang kuberikan hati karna kupikir mendekat dengan tulus niat sepenuh hati, ternyata cuman dataâ€¦ https://t.co/vqxl3rNE7E"
2020-05-08 20:39:01,1258858968123715585,@jaeiphotography kalo nggak dipilih-pilih nanti campur aduk kayak perasaanku liat dia sama yang lain mas jae.
2020-05-08 20:37:36,1258858614548094976,"lagi-lagi kutegaskan, aku butuh uang tapi tidak mau asal-asalan. bukannya takut pengikut berkurang, tapi meminimaliâ€¦ https://t.co/bQmI0e84ty"
2020-05-08 20:33:27,1258857567188480000,"sosial mediaku ya dapurnya aku yang tau, kalau ku tolak bukan karena tak suka dagangannya cuman aku tau dapurku ini cocoknya dimasakin apa."
2020-05-08 20:31:40,1258857118691545089,"bukannya tidak mau membantu, cuman aku sadar diri aja tidak begitu jago dalam hal me-review. dan biasanya begitu suâ€¦ https://t.co/tuMpdjP5Cv"
2020-05-08 18:24:32,1258825124435771392,"@Rajibdp gini lo yang, semua yang ku follback adalah orang yang kukenal dan pernah bertemu,karna aku ga nyaman ajaâ€¦ https://t.co/ckrrI2DXts"
2020-05-08 16:51:50,1258801796211814401,"dulu jaman umur 18-19 tahun pengen banget nikah muda umur 21 tahunan gitu, sekarang masuk 23 tahun malah ngeri nikaâ€¦ https://t.co/p0ZtM5L1yo"
2020-05-07 19:45:17,1258483060854657024,@Nativeyow cakepp! thankyou om!ğŸº
2020-05-07 19:36:49,1258480930479656961,"satu hal yang pasti, menjadi orang yang berbeda hanya untuk menyenangkan orang lain itu nggak enak. kayak makan nugâ€¦ https://t.co/nCBtVeM6HA"
2020-05-07 19:34:59,1258480466287636487,"justru kamu yang tidak mengenal aku, sebenarnya aku orangnya begini. kemudian dipaksa keadaan untuk terlihat baik2â€¦ https://t.co/yU7B2RjAnF"
2020-05-07 19:33:27,1258480080474394624,"kamu berubah, kamu jadi lebih nakal, jadi lebih terbuka, jadi lebih nggak ke kontrol. lebih suka kamu yang dulu, ujar netizen."
2020-05-06 17:36:27,1258088251044192257,"@apujaruu udah ada di yt, om"
2020-05-06 17:34:49,1258087837976555520,@apujaruu yoi?
2020-05-06 17:21:08,1258084393312124928,capeknyaaaa.......
2020-05-05 03:20:29,1257510451841077248,"jujur, aku jamet. tapi tidak malu, sejak didi kempot kembali digandrungi (walaupun sudah digandrungi sejak jaman ayâ€¦ https://t.co/l9w0yBCLLB"
2020-05-05 02:52:02,1257503292751405057,LOH SEK TA! AH YANG BENER!! NGGAK PERCAYAAAAAğŸ˜­ğŸ˜­ğŸ˜­ DIDI KEMPOT?!ğŸ˜­
2020-05-04 20:42:12,1257410218943635456,sumpah jijik
2020-05-04 13:36:50,1257303171459776513,"instagram sekarang isinya akun tolol pengen tenar
twitter sekarang isinya akun sange tolol pengen enak
youtube sekaâ€¦ https://t.co/aKXeo6khao"
2020-05-03 21:12:26,1257055438333374464,"@fadelyulian_ iya bang bukan kamu, km cuman nontonin aja aku digituin wkwk"
2020-05-03 17:50:00,1257004496586108928,"sumpah takut, bahkan pernah yang namanya pantat diremes mau marah tapi bingung ke siapa karena saking full dan ga pâ€¦ https://t.co/WilKaas5RX"
2020-05-01 19:36:13,1256306451154259969,@Portgas1995 kira kira orang normal bakalan ngelakuin itu ngga? pake ditanya lagi beb
2020-05-01 12:45:30,1256203092300754946,hidup emg adil bgt. https://t.co/GbnbgdIAkL
2020-05-01 12:42:26,1256202317902168065,"bangun mas bintang, tidurmu terlalu miring! https://t.co/5xFAFcWvK6"
2020-05-01 12:42:08,1256202243289698304,"RT @bintangemon: Keluar rumah untuk membeli sampo yang sudah habis. Eh, sekalian beli apartemen deh"
2020-05-01 12:41:31,1256202086401753088,"cowo sange normal, cewe sange nakal. hebat!"
2020-05-01 12:35:50,1256200656743886849,"RT @FiersaBesari: Perihal akun repost bernama DramaTwitterId. Saya rasa, saya enggak berhak memutuskan apa pun. Cuma bisa memberi pendapat.â€¦"
2020-04-30 16:34:31,1255898337661747205,RT @memefess: Yeet! https://t.co/tFYlPZmdUW
2020-04-29 18:46:04,1255569054653231106,@nocturnham sadisssss
2020-04-27 22:05:03,1254894352226123776,quarantine x ramadhan goals : kalo ngga bisa kurusan minimal jangan gendutan aja ya Allah dengerin doa baim ya Allah
2020-04-25 18:01:27,1254108275672379392,"ngga ada yang ngalahin nikmatnya ngobrol santai, ketawa - ketawa nggak jelas sambil menunggu giliran, disambi deepâ€¦ https://t.co/qndu6UYwwm"
2020-04-25 12:45:27,1254028748417949701,siapa disini yang baru mulai teraweh kalo imamnya mau selesai surat al fatihah?
2020-04-24 22:04:59,1253807175048126464,"RT @vienalady: Twitter please do your magic !!

Temen2 twitter tlg banget bantu RT tweet ini
Tmn ku nina sedang hamil 38w , tgl 21 april keâ€¦"
2020-04-24 22:03:06,1253806698285772800,omonganku wes koyo mario teguh urung? haha
2020-04-24 22:02:42,1253806598104821760,"kalimat ""berbukalah dengan yang setia, karna yang manis belum tentu setia"" sudah tidak relate lagi. udah berbukalahâ€¦ https://t.co/2sjnti3KzI"
2020-04-24 16:14:53,1253719066356772865,"@billyjoeava kalau hak jawabmu hanya sebatas playing victim, mentalitasmu memang luar biasa sampah. seperti minta mâ€¦ https://t.co/onRy7maR0h"
2020-04-24 07:03:03,1253580195543396352,"@momogiiw lho, itu namanya DIY untuk bikin makanan sendiri, buka puasa sendiri, bangun sahur sendiri, kan kamu.. ya isi sendiri"
2020-04-24 07:01:00,1253579679581130752,"@otsnbbl siaga 1, sapa tau khilaf"
2020-04-24 06:53:42,1253577843176423424,"biar puasanya berkah, coba vpnnya di uninstall dulu biar berkah.."
2020-04-23 08:46:24,1253243814006763520,pertunjukan apalagi hari ini
2020-04-22 17:18:06,1253010201571196928,"ancen seng jenenge presiden gaoleh salah ngomong, netizen indonesia terlalu kejam untuk belajar mamahami situasi"
2020-04-22 17:16:43,1253009853758529537,"@fendra_wijaya @indahstyi onok seng ""sembarang aku arep lungguh endi"" ğŸ˜”"
2020-04-22 17:13:57,1253009155494830083,"@indahstyi @fendra_wijaya suwe gak ""ayo boomerang sek terus ndang cerito"" ""nang kene apik deh koyok e"" ""sek sek jakunku ketok"":)"
2020-04-22 17:11:28,1253008530799357952,@fendra_wijaya @indahstyi wedannn aku kangen cuk!
2020-04-19 21:29:24,1251986280818380800,emang sih kita nggak pernah tau kapan dan sama siapa perasaan itu akan datang. cuman kalo udah tau pasangannya nggaâ€¦ https://t.co/znBXUuyg6P
2020-04-19 21:28:11,1251985972000165892,"geregetan sendiri nonton the world of the married, ada gitu ya selingkuhan yang udah ngerusak, pake hamil dan mintaâ€¦ https://t.co/LjAoYNyJD2"
2020-04-18 18:52:30,1251584405145075713,mental kebalik-balik tentang dunia perburungan dan sarang tancapnya. doh!
2020-04-18 11:50:47,1251478279166595073,TOTALLY AGREE!! https://t.co/y9kBFCtkQ6
2020-04-18 11:49:37,1251477984432848899,udah lama nggak gini. https://t.co/O2hgPv1qLd
2020-04-18 05:54:29,1251388612723253248,@NRanggalawe @nocturnham @fendra_wijaya eh tetonggooo
2020-04-18 05:54:17,1251388563419205634,"@fendra_wijaya wkwk buener, tangi2 masuk angin akuu"
2020-04-17 21:22:39,1251259803894153218,RT @rizkiivani: @pakantono Bolak balik sambat nang anak e memorine hp ne full terus
2020-04-17 19:37:00,1251233217241403395,"seringkali begitu, bangun ngescroll sosmed sampe adzan subuh, tapi pas adzan pura2 budeg."
2020-04-17 18:46:23,1251220480322940929,biar twitter jadi saksi aku juga demen tiktok:) https://t.co/yBkSx6Sx7r
2020-04-16 19:46:24,1250873195563024395,kesel jadi perempuan penakut!!!ğŸ˜­ğŸ˜­
2020-04-15 01:53:07,1250240704766521346,@capt_bayuu tunggu episodenya wajahnya jelas bgt kok berikut harga dirinya.
2020-04-14 16:27:34,1250098381927702534,sudah muak dikirimi gambar 'burung' sama followers. disabar2in ngelunjak.
2020-04-14 15:24:13,1250082437234860033,@alamsssyah doyanny makan tmn doi
2020-04-13 21:20:43,1249809767637356546,"turu subuh tangi bar adzan ashar, urip di setting klimprak klimpruk koyok sempak mamel. tapi yaopo, enak e."
2020-04-13 21:18:06,1249809108900904961,semakin tak paham dengan oknum rakyat +62ğŸ˜­ğŸ˜­ https://t.co/hGlobDnE9H
2020-04-13 20:47:47,1249801480552493056,be simple as possible prinsip hidup dan alasan untuk kemalasan berdunia maya hihi
2020-04-13 20:43:24,1249800378088140807,"RT @bobyandika: I honestly wonder where Dinda Safay gets her confidence from. To be wrong, ignorant, lacking of competence, yet carries onâ€¦"
2020-04-13 20:42:54,1249800250887262208,i start with report her. instagram or tiktok etc. dari dulu sudah muak bangeeet dengan segala sok ide yang membahayâ€¦ https://t.co/QBCTO35h1x
2020-04-06 20:24:40,1247258947846680577,lagi di fase sayang - sayangnya sama ibu. sampe ngeliat dia tidur sambil ngorok aja nangis:( dramaaa
2020-04-06 20:04:44,1247253929508909056,"RT @jokowi: Untuk memutus rantai penyebaran Covid-19 di lembaga pemasyarakatan, pemerintah setuju untuk memberikan pembebasan bersyarat kepâ€¦"
2020-04-04 15:04:00,1246453474075631618,"*balikkerumah*
ğŸ§•ğŸ» : je sidangmu ditiadakan ya, diganti  kata anak e mbak war itulo
ğŸ§”ğŸ¾ : terus yaopo kamu?
ğŸ‘©ğŸ¼ : iyaaâ€¦ https://t.co/FUJhOu6UYx"
2020-04-02 14:03:00,1245713345304354817,mau lulus aja susah amaaaatğŸ˜­ğŸ˜­
2020-04-02 14:02:46,1245713288777760775,"berasa kejatuhan duren pas bola mata. gila lu, udah tinggal besok sidang tiba-tiba diganti kelulusan tidak bikin skâ€¦ https://t.co/9EeFPcfjYs"
2020-04-02 13:47:02,1245709329023393793,ini cobaan apalagi sih ya AllahğŸ˜­
2020-03-30 19:49:48,1244713458936852480,"lupa rasanya bilang mes minta uang, bes minta uang. sekarang pengen tapi gengsi:("
2020-03-28 01:14:36,1243708032749469696,"telkomsel musuhan nih sama sedati, sinyal balak amat."
2020-03-27 18:16:06,1243602714304512001,"RT @ganjarpranowo: Saya minta sekali lagi, jika kalian sayang pada keluarga, mohon jangan mudik! https://t.co/1Ws1Yja6RG"
2020-03-27 09:53:47,1243476302146850816,"bumi pertiwi, kamu kenapa?ğŸ˜­ğŸ˜­ https://t.co/iEQfqe0BMQ"
2020-03-27 08:09:49,1243450136673435650,@fendra_wijaya tag dong artisnya wkwk
2020-03-25 19:23:32,1242894908727291904,"@novanjudith mau berapa lapis? ratusan..
.
.
jancok guyonku garing:("
2020-03-25 19:22:43,1242894702191341568,@heraldydnn kamu cinta saya yang terluka
2020-03-25 19:22:01,1242894527611826176,@ORGbanget susunya cocok
2020-03-25 19:20:46,1242894210329489408,awas corona https://t.co/RSvPCMfCFf
2020-03-25 19:19:24,1242893867751329792,pengen nyinyir astagaa pengennnnn
2020-03-25 13:57:33,1242812872939327489,dia ngakak w cengo (maksudnya apaan dah) https://t.co/L3F4M3yTYp
2020-03-25 13:56:38,1242812638607761408,quarantine day 11. https://t.co/atSn0SwJ3J
2020-03-25 11:15:44,1242772147233148928,"gabisa bayangin gimana perasaan beliau, ditinggal ibunda saat sibuk-sibuknya mengurus warga +62 yang disuruh dirumaâ€¦ https://t.co/PCAzLPSo4U"
2020-03-25 11:04:15,1242769257873604608,"apa ini yang dinamakan terdengarnya doa anak soleh? baru semalem dipikirin, dikasi jawaban besokannyaaa https://t.co/fbQWuaxcqz"
2020-03-24 18:08:51,1242513724264644613,@Gedeprakarsa mwatek! yaopo lek kuburan band ae seng rodok memper
2020-03-24 18:08:20,1242513595671379973,"@tiardo bayar pake apa, cinta dan tulus kasih sayang tanpa balasan?"
2020-03-24 15:33:03,1242474516053295105,"pekerjaan, perkuliahan, pertemuan semua kena lock down. kecuali cicilan. terus hamba teh kudu gimana tuhannn....."
2020-03-24 15:26:41,1242472913959178240,"gamau tau, begitu corona ini kelar mau langsung peluk pacar orang #ehh"
2020-03-23 15:55:45,1242117839504281601,"hari ke 19, jadi gampang ngantuk:("
2020-03-16 07:06:42,1239447987291488258,@fendra_wijaya manteuppp
2020-03-13 06:04:59,1238345292920971266,"RT @FiersaBesari: Setiap orang berhak sedih dan ngerasa enggak sempurna, terlepas apa pun profesinya. Enggak perlu ditanggapi dengan â€œLah eâ€¦"
2020-03-12 19:09:26,1238180316470063115,"gugup, sampe merem aja ngga mau."
2020-03-07 13:17:30,1236279809602248705,betapa dada adalah aset pemersatu umat.
2020-03-05 18:10:20,1235628728895418368,@fendra_wijaya @indahstyi butuh minuman kak
2020-03-05 17:53:23,1235624461929345029,gini rasanya apa-apa sendiri. sangar.
2020-03-04 17:49:12,1235261022312599552,@_JuLivan_ lop u too
2020-03-04 17:46:41,1235260389136289793,down.
2020-03-01 17:13:25,1234164855352901632,yang cewe tulen ditutup2in yang jadi2an diumbar2. hidup kadang seguyon itu. https://t.co/ncj37fq6xA
2020-02-29 05:08:46,1233620102047617026,"@larasatinesa ya kaga masukin adsense lah orang subs baru berapa, tapi niatmu exposure bikin drama, drama kintil gak masuk blas"
2020-02-29 05:07:34,1233619800686940161,dramamu gak masuk mbak. https://t.co/lrErbnlTak
2020-02-28 16:36:33,1233430802374938624,"@fendra_wijaya @Aka_sylvie One love, gak cinta bapak ibukmu kon?"
2020-02-27 18:13:24,1233092786477502470,kalo nggak rusak enggak enak. serem.
2020-02-25 04:04:05,1232154274072801281,sabaaarrrr
2020-02-14 19:39:45,1228403474217361408,"ciu later, maksudnya. https://t.co/c48ekjqEev"
2020-02-14 19:38:18,1228403108578877440,jadi banyak yang ngajakin cimoy perang tete nying. itu tete geternya konsisten apa ada batrenya ya?
2020-02-14 19:35:59,1228402524954099712,"tapi nggak juga sih, gaboleh suudzon  astaghfirullah. tapi ya emang, namanya juga netizen."
2020-02-14 19:35:13,1228402331705696257,"habis gini bakalan ada yang lagu2an ""sok menilai orang padahal dirinya blm bener"" terus bakalan jadi sok peduli, kmâ€¦ https://t.co/Pfvo77LPYk"
2020-02-14 19:31:17,1228401344081317888,"RT @FunJunkies: Kamu cantik - pelecehan!
Sekarang kerja dimana? - bilang aja mau pamer lo sukses!
Wah kapan nikah ğŸ˜ - bukan urusan lo kaliâ€¦"
2020-02-14 19:27:52,1228400483351461888,"untung aku rajin,"
2020-02-14 19:27:14,1228400324706066432,"terlalu jadi pribadi santuy, sampe mau kena do dari kampus kelamaan jadi mahasiswa."
2020-02-13 02:55:15,1227788296450801665,"pengen gelut, piye ki"
2020-02-03 04:47:28,1224192657393475584,asu isuk2 di gawe ngakak https://t.co/De3gmBYMsC
2020-02-02 09:52:18,1223906981695459329,"kalau salah ya minta maaf, kalau diberi ya berterimakasih. dan laki2 juga ga perlu ngasih tempat duduk ke perempuanâ€¦ https://t.co/Tg4deBUxxV"
2020-02-02 09:49:31,1223906281930412032,"kok bisa? yaiyalah bisa. dimana akal sama nuraninya kalo ada perempuan salah, yang wajib minta maaf laki2? terus kaâ€¦ https://t.co/N5zL48AJV2"
2020-02-02 09:46:05,1223905418746843137,habis nonton video dedy sama dara. sebagian besar nonton videonya cuman bisa geleng-geleng kepala. popularitas tidaâ€¦ https://t.co/LzjAcdElFP
2020-02-02 09:41:09,1223904176037486593,"ayolah, semua orang punya sukanya, punya juga dukanya. tidak peduli seperti apapun parasnya. jangan merasa paling bâ€¦ https://t.co/7VmoMfQseI"
2020-02-02 09:39:07,1223903665779441666,"paling kesel banget sama orang yang suka bilang ""halah santai aja, kamu cantik pasti dapet kerjaan bagus""
.
banyakâ€¦ https://t.co/ieyQvxF4gH"
2020-02-02 09:36:28,1223902998503378945,"mau ganteng, mau cantik, atau jelek sekalipun punya dukanya masing2. kalo cantik setengah permasalahan hidupmu seleâ€¦ https://t.co/v8rcqlxbkO"
2020-01-30 09:07:38,1222808578353852417,"belum abis sultan agung sejagad, muncul sunda empire. sunda empire blm kelar episodenya udah muncul king of the king mr dony. lieur."
2020-01-30 09:06:15,1222808228708270080,"di china lagi terserang wabah virus corona, indonesia lagi terserang wabah halu. indonesia emg beda."
2020-01-15 23:13:47,1217585702218518528,baru paham bahwa menjauh dari persahabatan jauh menyakitkan dari putus percintaan.
2020-01-15 23:12:56,1217585488967503872,"menjauh adalah caraku untuk dekat. bahwa menjauh dari rasa sakit, menjauh dari rasa dikecewakan. supaya yang aku inâ€¦ https://t.co/lcyZxK3P5q"
2020-01-15 06:55:41,1217339556028043264,ngakak anyingğŸ˜­ğŸ˜­ https://t.co/eXQJwPxkNO
2020-01-12 09:15:47,1216287648953692161,"RT @gerahsukma: Resah sendiri.
Marah sendiri.
Tidak mengerti.
Tak mau diskusi.
Kadang memang.
Sendiri lebih tenang."
2020-01-12 08:55:52,1216282636047400960,"marahmu, kecewamu, sakitmu tidak membuatmu punya hak untuk keras."
2020-01-10 07:22:29,1215534359001780224,jaman sekarang rasanya sulit untuk membuat konten yang disukai orang indonesia. karna yang disukai dibuat oleh oranâ€¦ https://t.co/sbJcfC8uix
2020-01-09 16:37:16,1215311586987872257,ha ha ha. diliat aja endingnya.
2020-01-08 02:04:35,1214729582021996545,"setelah melakukan kesalahan dan memutuskan pergi, kamu sadar hadirku punya arti. kemudian kamu kembali dan bertanyaâ€¦ https://t.co/DLofB1Nsgk"
2020-01-07 12:24:19,1214523152824320002,@indahxs @fendra_wijaya @adeeeeeell hmmm aku gak dikandaniiii huffff
2020-01-07 11:15:44,1214505894030917632,definisi mahasiswa tua yang sesungguhnyağŸ˜Œ https://t.co/3m3GjirIwJ
2020-01-06 19:49:59,1214272921352302592,"jalan - jalan ke australia,
capekk"
2020-01-06 16:33:06,1214223373405831168,@DedyMaudy @Ehandrizk hahahaha maho kelen
2020-01-05 18:11:44,1213885810199498752,"sakau, sakit karna engkau. https://t.co/i9nLtBE2pq"
2020-01-05 17:19:38,1213872698788438016,eta terangkanlahhh
2020-01-05 08:41:03,1213742190104465408,hari minggu + hujan = rebahan
2020-01-03 19:43:35,1213184148510134274,"wadu wadu wadu, congrats a' https://t.co/daXBJ7DKBe"
2020-01-03 19:42:44,1213183935116525568,"bff sejati akan ditunjukan kualitas pertemanannya, ketika waktu dan kesibukan tak sama lagi. akankah sempat mengabaâ€¦ https://t.co/e1sTwnDomr"
2020-01-03 19:34:50,1213181948396310528,@fendra_wijaya gobes abizz
2020-01-03 19:33:48,1213181686717923328,"kalo dipikir-pikir, emang ngga pernah mikir."
2020-01-02 17:24:52,1212786853293654016,sampe ngga habis pikir.
2020-01-02 17:03:54,1212781576414588928,heran dengan yang sanggup mempertahankan perasaan meski tidak pernah di bahagiakan.
2020-01-01 13:55:05,1212371671438389248,"bukannya dia tidak ada waktu, tapi jelas prioritasnya bukan kamu. sadar diri napa ah!"
2020-01-01 07:29:13,1212274563314151425,dan terjadi lagi... https://t.co/iNNPfOC2ja
2020-01-01 07:27:08,1212274040305381376,@indahxs kebanyakan makan enak enak kamu kak
2020-01-01 07:26:30,1212273878199726080,pengar
2019-12-31 17:55:52,1212069877093003265,met tahun baru.
2019-12-31 09:30:29,1211942694475321346,@fendra_wijaya ayoooo nang endii
2019-12-30 16:52:13,1211691472212246532,"@fendra_wijaya ih aku ga diajak, jancuk"
2019-12-30 15:28:10,1211670319506706432,"lama2 kebiasa makan sendiri, ditempat orang pacar2an."
2019-12-29 17:19:02,1211335830448427010,"besok senin, masih rebahan lagi. santai."
2019-12-29 17:18:08,1211335605390434304,"RT @handokotjung: Manusia itu lucu, suka ingin yang baru tapi gak berani ngelepas yang udah bikin nyaman."
2019-12-29 08:32:18,1211203274277130240,@irfanmaruff sudah jangan tersindir
2019-12-29 08:32:05,1211203221609472000,@iehsankurnia aamiinnn capt
2019-12-29 03:41:37,1211130123245588480,@zoelfick rasa stroberiiğŸ˜‚ğŸ˜‚ bapaknya kebanyakan minum susu murni nasional nihğŸ˜­
2019-12-29 03:39:37,1211129620071776257,"sudah 3 hari terjebak dirumah, kaki bengkak gatal dan ngilu karena digigit nyamuk diagnosa dari dokternya. nyamuk sâ€¦ https://t.co/B1weNNHzFN"
2019-12-29 03:35:32,1211128591959785472,dank u so much!:3 https://t.co/KIWazaKvak
2019-12-29 03:35:20,1211128542806691840,"RT @haluinajaa2: @jekaxjk aamin kak, sukses terus jaga kesehatan. kami menunggu karya muğŸ–¤ğŸ–¤"
2019-12-29 03:04:42,1211120833789169664,RT @dsuperboy: 2020 wisuda.
2019-12-29 02:19:09,1211109367040200711,punya single. aamiin https://t.co/GqIZeeh3RN
2019-12-29 02:14:27,1211108185525764097,"lagi, lagi dikecewakan lagi:))) https://t.co/5TAuRBGogR"
2019-12-28 18:11:15,1210986586424262657,"pernah se-iya, se-kata tapi engga pernah satu rasa."
2019-12-27 13:15:45,1210549831296417792,"mendadak kaki bengkak dan ngga bisa jalan. tahun lalu, mendadak gampang sesek kena dingin. tahun lalunya lagi, mendâ€¦ https://t.co/9T0Wj3aayz"
2019-12-27 08:48:49,1210482653855539201,"RT @mas_aih: Halo, kak.
Apa kabar?
Semoga senyum semringah selalu ada di bibir kakak bagaimana pun keadaannya.

Perkenalkan, namaku Zhafranâ€¦"
2019-12-27 08:47:43,1210482380877643777,"RT @mas_aih: Untuk itu, aku meminta doa dari kakak-kakak sekalian agar aku bisa terus bertahan dan berjuang. Sekaligus, aku memohon pertoloâ€¦"
2019-12-27 00:39:08,1210359421793996800,hahaha kucing terpapar globalisasi ituhğŸ˜­ https://t.co/stHR3tCPvV
2019-12-27 00:38:28,1210359256991485957,"RT @dsuperboy: Beberapa hari ini selalu nungguin kucing pulang jam 3 pagi. Sampai rumah, langsung makan, lalu tidur, pas diomelin diam aja,â€¦"
2019-12-26 19:21:41,1210279533686837248,tumbuh subur kaum rebahan.... https://t.co/0i96uhBW5h
2019-12-24 21:10:30,1209582142327382017,"@banyoealaam untung dia bukan temanku, ya tuhan."
2019-12-24 21:04:48,1209580706822672386,"""kapan lulus?""
""udah sampe bab berapa?""
""males banget sih jd orang!""
""gak tanggung jawab itu namanya""
""kerjain, gauâ€¦ https://t.co/dSfvk90F4I"
2019-12-24 20:54:03,1209578004738822144,"""orang dulu menikah, dijodohin sampe sekarang masi langgeng. beda sama anak jaman sekarang""
.
masih sama2, dengan kâ€¦ https://t.co/SmQvyyH8cf"
2019-12-24 20:46:51,1209576190521925632,@Ahsudahlah__ kaki belang adalah gembok:')
2019-12-24 15:44:22,1209500069608603648,sandal jepit for everywhere. https://t.co/PRcg5uJzdv
2019-12-24 13:16:12,1209462780161429504,ğŸ˜­ğŸ˜­ğŸ˜­ https://t.co/pLG9quJYRr
2019-12-24 09:53:25,1209411748018606080,BANDUNGGGG!! https://t.co/1PSila9F7W
2019-12-24 09:52:48,1209411594754519040,"bicara hal dewasa dianggap tabu, seolah olah itu hal saru yang tidak pantas dibahas. tapi kalo ditawari.....
ya mau."
2019-12-23 10:30:50,1209058778559082496,"dibalik ucapan ""film ini bagus pek, aku aja sampe nonton 2 kali di bioskop."" 
ada, ""iya kamu nonton 2 kali bukan kaâ€¦ https://t.co/1cqT5vW1tr"
2019-12-22 15:48:38,1208776366990118912,makan ah biar pernah
2019-12-21 16:44:13,1208427965568077824,"mergo tau kelon, nganti angel anggonmu move on.
.
mbok yo tangi to cah cah, turumu kemiringen."
2019-12-21 03:26:06,1208227112739430401,"jingan, nemu tweet2 jaman baheula lebay gila ternyata:("
2019-12-20 18:25:39,1208091107776552960,"jam jam laper, gawat."
2019-12-20 12:15:43,1207998010531008512,@heraldydnn kondisional maksudnya
2019-12-20 11:27:43,1207985930583212033,ah enak bener ngomongnya https://t.co/yrWS6denrG
2019-12-19 18:13:44,1207725719150723072,"RT @JeffreyGuterman: @realDonaldTrump Good morning, Mr. Impeached President."
2019-12-19 18:09:16,1207724594364182529,"sumpah asli eneg sama lelaki yang komentarin cantik grgr bedak, ah cuman filter, ah itu mah berkat sugar daddynya,â€¦ https://t.co/w8x2AV00gs"
2019-12-19 18:03:19,1207723098360823808,susah nyambung sama manusia yang apa-apa di duitin.
2019-12-12 17:41:10,1205180807867879424,"RT @JDAgraria: Kelakuan aparat di Taman Sari Bandung hari ini !

#TamansariMelawan
#TolakRumahDeret
#BandungMelawanPenggusuran
#solidaritasâ€¦"
2019-12-12 12:19:53,1205099953338535936,untung ganteng:( https://t.co/Jzwsm8N0Ds
2019-12-12 12:18:50,1205099689260896256,"setelah tersandung masalah, mendadak jadi ahli ibadah wal sunnah. entah baik atau tidak, tapi salah satu jalan menuâ€¦ https://t.co/dfE5n5zl60"
2019-12-12 05:49:40,1205001754070282245,"@AgilBtx kalo bang kaloo, ibu urang mah nggapernah minta memilih siapa anaknya hihi polos orangnya"
2019-12-11 19:08:16,1204840338919022592,"kalo semisal ibu dikasih pilihan sm Tuhan siapa dan seperti apa anaknya, mungkin blm tentu aku jadi pilihannya. tanâ€¦ https://t.co/hNLUAzqyGv"
2019-12-10 16:45:24,1204441996892356608,"dasar lanangan bmw, bondo manuk wae."
2019-12-06 23:37:47,1203096226947682304,"elek yo ben, seng penting aku iso joget"
2019-12-05 16:59:43,1202633659833966594,"@otsnbbl buka gugel, cari pengetahuan jangan cuma cari 3gp:*"
2019-12-05 16:58:34,1202633372205342720,"luwe kok update, yo ben."
2019-12-05 16:57:53,1202633199341301760,"wegah karo seng update nyawang udan kelingan mantan, opo maneh seng isine kenangan. kegalauanmu iku lo lawas, cuk."
2019-11-04 16:23:26,1191390505801678848,"serius nanya, emang kalo bpjs bubar masalah kesehatan jadi selesai gitu?"
2019-11-03 18:02:37,1191053078742487041,RT @FiersaBesari: â€œKita memang bukan pasangan sempurna. Bukankah Tuhan mengirimmu untuk melengkapiku? Kita tidak perlu punya segalanya. Selâ€¦
2019-10-31 12:47:09,1189886526563348480,"Gitu banget kalo mau viral, astagaa"
2019-10-30 21:11:51,1189651151009935361,"2019 udah mau ganti tahun, masih ada aja yang bahasannya soal kampret jadi cebong, cebong jadi kampret. kasian, lambat move on. gak masuk!"
2019-10-30 21:04:05,1189649195231141888,Epic!! https://t.co/XIlEeVwpWo
2019-09-25 04:35:05,1176716728694214657,"RT @ridwankamil: Di situasi negeri yang sedang bergejolak dan berdinamika ini, semoga semua pihak menahan diri &amp; membuka diri utk ruang diaâ€¦"
2019-09-25 04:34:47,1176716655453294592,RT @detikcom: Menteri Keuangan Sri Mulyani Indrawati mengungkapkan kesedihannya lantaran ada saja fasilitas yang dibangun pakai APBN tapi dâ€¦
2019-09-23 18:42:30,1176205212186374144,"RT @proveca69: @TsamaraDKI Tuntutannya hanya ini , , tpi banyak yg menunggangi dan menggoreng https://t.co/lVvt9EJPzs"
2019-09-23 18:39:27,1176204447946440704,Syetudjuhh https://t.co/jn4vzSWAsK
2019-09-23 18:34:08,1176203109724385280,"Ukuran cinta tidak cukup dilihat dari sepedamu apa, uangmu berapa, dompetmu isinya bagaimana. 
Kalimat â€œaku iki opoâ€¦ https://t.co/N2y8XibXPb"
2019-09-19 04:53:29,1174547031949332480,"RT @aewin86: @Uki23 KUHP gelandangan dipenjara 3 bulan
RKUHP 2019 gelandangan didenda 1 juta.

Jadi bukan RKUHP membuat gelandangan dihukumâ€¦"
2019-09-19 04:48:14,1174545712094203904,"@faizahahaha Mbaknya kurang baca deh kayaknya, pemerintah sudah mengakui bahwa karhutla merupakan bentuk kelalaianâ€¦ https://t.co/SsVSKEV9M9"
2019-09-17 18:02:40,1174020864276254720,"@dxtta mbok yo di regani sitik2, rasane berjuang ra diregoni ki loro lo cak temen. Loro aslik"
2019-09-17 17:31:17,1174012963029565441,@syahrangga_ Btw di website bumn itu ada e rekrutmen bang boy
2019-09-17 16:50:35,1174002722393088000,"Itusih, selamat tidur semua."
2019-09-17 16:50:35,1174002720732114946,Siapa tau temen2 pengen coba2 seperti diriku rasanya bekerja di suatu ph itu seperti apa. Biar ga kena jebak/tipu aâ€¦ https://t.co/DNXEjI3UbL
2019-09-17 16:50:34,1174002718991515648,"Walaupun bukan mlm, nggak tau firasat saya buruk aja. Dan pelajaran hari ini â€œsaya kudu bener2 cari tau dan nanya lâ€¦ https://t.co/436QMBstIN"
2019-09-17 16:50:34,1174002717309599744,"Saya akhirnya tau banyak kasus penipuan dari PT ini, yang blm terselesaikan. Saya takut, trauma sebab kakak saya jgâ€¦ https://t.co/bJiW096K2o"
2019-09-17 16:50:33,1174002715665428480,"Saya search google sambil jalan ke parkiran, ternyata cara kerjanya hampir semua yang daftar akan lolos dan kami diâ€¦ https://t.co/vXbCtYsh7S"
2019-09-17 16:50:33,1174002714063192064,Di lift saya bertemu sesama teman yang bingung saya tanya kalian sebelumnya tau ngga kalo mau kerja di pt ini? Danâ€¦ https://t.co/ECaM1BFCBy
2019-09-17 16:50:33,1174002712490332161,"Training hari itu berakhir, sebelum pulang saya ke kamar mandi dan begitu hendak turun dari lift saya ketemu sama pâ€¦ https://t.co/kTxk9YIwcp"
2019-09-17 16:50:32,1174002710904881152,"Dari sepanjang ngoceh selama hampir 2 jam lebih, mereka menjelaskan PT mereka itu apa, keuntungannya apa, cara kerjâ€¦ https://t.co/Z50GtE53k9"
2019-09-17 16:50:32,1174002709290053632,"Oh ya para trainer bilang misal ada client yang pengen join tapi ngga punya uang 100jt gapapa, bisa di keep dulu buâ€¦ https://t.co/h9aEIjNjIM"
2019-09-17 16:50:32,1174002707784290309,"Minimal untuk join di mereka adalah $10000 dollar, yakni 100jt. Saya akhirny paham kenapa interviewer td nanya saya punya tabungan ngga."
2019-09-17 16:50:31,1174002706165354497,"Tapi saya tetap bertahan dan mendengarkan. Sampe pada satu slide mereka menjelaskan bahwa mereka bukan mlm, merekaâ€¦ https://t.co/airpdMsYXR"
2019-09-17 16:50:31,1174002704219131904,"yang berarti- tidak benar.
Padahal menurut lambe turah â€œgossip adalah fakta yang tertundaâ€ haha 
Sumpah tapi saya pâ€¦ https://t.co/dvfv3QUq5n"
2019-09-17 16:50:30,1174002702499504128,"Disalahsatu ppt mereka mengeluarkan tentang hasil search google yang menyebutkan PT mereka ini penipuan, dan merekaâ€¦ https://t.co/G7blrjOBo1"
2019-09-17 16:50:30,1174002700855341056,2 trainer mbak mbak yang umurnya tidak jauh dari saya akhirnya meminta kami memasukan hp dan fokus pada presentasiâ€¦ https://t.co/EOT0YntQm2
2019-09-17 16:50:30,1174002699194359808,"begitu masuk ruangan, kami disuruh mengenalkan diri dan berbagi pengalaman bekerja. Dan saya curi2 buat pegang hp dâ€¦ https://t.co/04lL6F7nT9"
2019-09-17 16:50:29,1174002697491468288,setelah interview saya diarahkan untuk ikut soft training dan fyi. Rangkaian acara perekrutan ini selama 4 hari katâ€¦ https://t.co/pxoFe4RtYT
2019-09-17 16:50:29,1174002695851540480,"Disela beberapa pertanyaan, saya ditanya punya tabungan tidak? Dan saya jawab punya. Dia tanya nominal, saya tidakâ€¦ https://t.co/gwBdFKRPJY"
2019-09-17 16:50:28,1174002694190559232,"Saya disuruh menulis siapa upline saya, yang saya ngga paham apasih maksudnya. Ternyata upline adalah orang yang meâ€¦ https://t.co/i34C6pK4XC"
2019-09-17 16:50:28,1174002692521283585,Saya tetap posthink dan mencari lantai yang dimaksud dan menemui orang yang harus saya temui sesuai dengan intruksiâ€¦ https://t.co/US2qgmu8PA
2019-09-17 16:50:28,1174002690898026497,"Setelah bermacet-macetan, saya sampai di plaza B**. Dan saya bertanya ke salah seorang satpam lokasi perekruitan peâ€¦ https://t.co/8lrEsswnzc"
2019-09-17 16:50:27,1174002689346113536,Tapi mama meyakinkan dengan kata dicoba aja dulu siapa tau rejeki. Akhirnya saya menyiapkan semua kebutuhan yang diâ€¦ https://t.co/4UvKJromJU
2019-09-17 16:50:27,1174002687618142209,"Saya yg saat itu sedang ngumpul sama keluarga, akhirnya cerita kalau saya dipanggil interview di plaza B** jam 8 paâ€¦ https://t.co/BlHuNmE6Tg"
2019-09-17 16:50:25,1174002682161270784,"Hari ini, barangkali bisa dijadikan pelajaran untuk semuanya.

Senin malam, saya ditelpon oleh seseorang yang sayaâ€¦ https://t.co/NRHT8jEq7g"
2019-09-11 19:18:48,1171865695593697280,"Selamat jalan pak habibie, semoga jodoh saya nanti seperti njenenganğŸ˜­"
2019-09-04 13:04:16,1169234725547823105,RT @narkosun: Apakah Tri Susanti yg kiri ini sama dengan Tri Susanti yg kanan?? https://t.co/uw3UJWODba
2019-09-04 12:41:41,1169229041628405760,"RT @CH_chotimah: @tunggalp @VeronicaKoman Ga usah pake tunggu Bu, coba sebarkan hoax dan jadi provokator pasti jd tersangka juga.

Saya berâ€¦"
2019-09-03 22:04:53,1169008387205582849,"Usernamemu bastard, tapi gak isok dikasari. Koyok mari ngomong jancok terus ngomong astaghfirullah. Gak masuk sayanâ€¦ https://t.co/SDHnwzlEuI"
2019-09-03 21:59:12,1169006958692765696,"Bukan bener aja ini mah, bener bgt! https://t.co/PjIGh59ZIa"
2019-09-03 21:58:50,1169006865214267392,"RT @andihiyat: Awal pacaran
""Komunikasi itu penting""

Udah lama pacaran
""Komunikasi ngga harus intens, yang penting saling percaya""

Akhirnâ€¦"
2019-08-29 12:17:12,1167048552704425984,Gelagatnya seperti anak ips ini mah https://t.co/SiEJ444bdD
2019-08-29 12:16:16,1167048319757012992,@irfanmaruff ğš‚ğšŠğš‹ğšŠğš›ğš—ğš¢ğšŠ ğšœğšğš”ğšŠ ğšğš—ğšğšğšŠ ğš”ğš˜ğš—ğšœğš’ğšœğšğšğš—
2019-08-29 11:59:25,1167044076169920513,"Kalo ada anak cowok yang sabarnya konsisten kayak sabarnya mahasiswa tingkat akhir, fix! Cowo idaman!"
2019-08-27 16:20:32,1166385013857718272,Galau se galau galaunya galau.
2019-08-23 18:07:46,1164962449243512832,"Apakah pamitnya bang fiersa, akan sesingkat pamitnya mbak ricis?"
2019-08-19 11:51:33,1163418221371805698,Tidak jugaaaaaa wkwk https://t.co/1p4jX4w6Ak
2019-08-19 11:43:13,1163416122051289088,"Ya Allah, jiwa kerecehannnnğŸ˜‚ğŸ˜‚ https://t.co/LjI0TTMv5H"
2019-08-19 11:42:48,1163416016342278144,RT @maman1965: Cerdas https://t.co/ATpbVoXsiP
2019-08-18 17:00:25,1163133562612092931,"Ada yang mati mati an mencintai, tapi tidak juga dihargai. Setelah nanti dia pergi baru tersadar dia sosok yang begâ€¦ https://t.co/aSvOONIxG9"
2019-08-17 14:22:35,1162731451005014016,@charismaamadeap Kalo cewe engga bakalan nyakitin yak?
2019-08-16 16:53:39,1162407081418170369,"@Bisanihhh ...... paling bingung kalo di sepik onlen-,-"
2019-08-16 16:52:42,1162406841675968512,@bulenesiaaa Typo adalah bentuk kecerdasan
2019-08-16 16:42:46,1162404342235717634,"Setiap naik ojek online selalu di awali dengan chat â€œposisi dimana mbak jauh?â€. Nama aja jauh, gimana jodoh.."
2019-08-16 16:41:34,1162404042980466688,@bulenesiaaa Burung kakak tua tingggal di jendela
2019-08-16 16:41:06,1162403923061198849,@PejuangBubur Tydaq mungkin
2019-08-16 16:39:09,1162403432436621312,"Belum tentu juga bisa nge bahagia in, udah berani beraninya nyakitin. Tuman!"
2019-08-15 17:02:04,1162046813542555648,Nunggu di lamar dia mah ngga ada apa apanya. https://t.co/NhvQolhS1M
2019-08-15 17:01:37,1162046697695924224,"RT @dsuperboy: Soal menunggu, mahasiswa tingkat akhir jagonya."
2019-08-15 16:59:44,1162046225400471554,"Enaknya bct di twitter, engga bakalan kena screenshot dosen ahaha. Iluvu burung."
2019-08-11 09:23:43,1160481913544462337,"kalau sudah hari raya idul adha gini, suka lupa apa itu lemak.
.
.
tau tau nyesel aja."
2019-08-10 13:03:48,1160174911043723264,Huahaha suwonnnnâ¤ï¸ https://t.co/Nlxn6FZE4j
2019-08-10 11:52:24,1160156940753747969,"Sebuah fenomena,
Hari ini jalanan tidak hanya dipenuhi oleh sepeda motor, mobil, dan truck. Tetapi juga dipenuhi olâ€¦ https://t.co/r1oYcfTPKs"
2019-08-07 16:36:05,1159141170808680450,"SETUJU, sama ajang ngabisin duit buat print print an. https://t.co/jLSn7Hfpp8"
2019-08-07 16:33:03,1159140407030063105,â€œNgga habis pikir sama netizen +62 sukanya nyinyir ajaâ€ tapi yang di follow lambe turah:( kan susah.
2019-08-05 23:09:46,1158515468539289600,Semangat ka sesiiil:â€™))ğŸ˜˜ https://t.co/KwfIUolnt2
2019-08-05 23:06:30,1158514647776948224,@dsuperboy Sabar bang boy jan baper. Karena kalo baper aku suka yang rasa coklat.
2019-08-05 23:05:08,1158514303386828800,"tidak mau menggebu2 dalam semua sosial media, diriku sadar tidak multi-tasking. Mau nikmatin hidup aja biar agak bener kayak orang orang."
2019-08-02 15:57:25,1157319500754087937,@davidbayu Gempi bang gempii
2019-07-22 16:58:25,1153348584412073984,@efendi_______ Kamsiaaahhh
2019-07-22 16:50:36,1153346619758088193,"@_rizkykurniap22 Belum sih, doain aja biar ga berjilid jilid sidangnya kek reuni 212:â€™)"
2019-07-22 16:49:03,1153346229310373888,"pas ngerjain skripsi tuh jadi tau rasanya, ikhlas, tabah, sabar jadi tau ada yang lebih sakit dari patah hatinya keâ€¦ https://t.co/GYXCd8jHQ7"
2019-07-22 16:47:14,1153345769459466241,ACC!!! Yeah!
2019-07-21 17:26:24,1152993238036258816,"mau gimana lagi, kalo udah temenan sama batang batang, kalo ngga oa oa yang dibahas juga siska e nya tiga:â€™)
.
Toloâ€¦ https://t.co/D7lej5VdJd"
2019-07-21 16:53:48,1152985033734361089,@Rajibdp Yaudah minum dulu biar ngga mati.
2019-07-21 16:53:26,1152984941044457472,@apujaruu Mamaku sudah tidak meng-approve aku pelihara hewan. Lagi fokus cari mantu orangnya.
2019-07-21 16:51:48,1152984533886623745,"@Katokkolor Disini sudah ku follback mbud, rame terus yaa"
2019-07-21 16:49:17,1152983898428592129,@apujaruu Kochengku diadopsi orang:â€™(
2019-07-21 16:48:58,1152983819638595585,@Rajibdp Dikunyah ngga tuh
2019-07-21 16:48:32,1152983708552454144,"@Katokkolor Kamu siapa si dimana mana muncul, jin kamu ya"
2019-07-21 16:47:26,1152983433351581696,"@Katokkolor BIKIN GENDUT, TYDAAQ"
2019-07-21 16:40:32,1152981696578351104,Enak kali ya punya pacar.
2019-07-21 16:37:33,1152980946762653697,"Hadu kesayanganku, makin tua makin mempesonaaahh https://t.co/sdhz5m9xVU"
2019-07-20 19:14:55,1152658162090012672,"@tiardo Dulu ceritanya pas jaman jaman awal kuliah suka nontonin temen main teater terus ada backsoundnya lagu itu,â€¦ https://t.co/nqg9YNUHGJ"
2019-07-20 15:42:51,1152604794298593280,Follow dosen laki yang nyinyir menjadi sebuah kehampaan bagi saya buka ig.
2019-07-20 15:40:57,1152604314499551232,"RT @HeyBudie: Malam minggu.

Orang lain:
- Ke Mall.
- Ke Bioskop.
- Ke Cafe.
- Ke Puncak.
- Ke Alun-Alun.

Aku:
- Diem.
   Rebahan
   Sambiâ€¦"
2019-07-20 15:34:52,1152602782190329856,"Ngeliatin jaman audisi, engga nyangka udah 2 tahun aja."
2019-07-19 18:09:34,1152279325833453568,"sedihnya biasa aja, gausa berlebihan.
senangnya juga jangan sampe bikin lupa diri. Inget, bumi berputar engga cumanâ€¦ https://t.co/rcHHIYyHZe"
2019-07-13 08:12:40,1149954784138391552,"didalem hati cowo:
yang ngga aku perlihatkan bukan berarti ngga ada
yang ngga aku omongin bukan beratti ngga terasaâ€¦ https://t.co/zl3dK2O7E8"
2019-07-12 17:14:59,1149728875783442432,"mahalnya kesetiaan, makanya ngga bisa ada dan didapetin sama orang yang murahan."
2019-07-12 06:54:31,1149572731274293248,"gini ya rasanya nunggu berjam jam terus dibilang ""waktumu udah habis jeka besok aja balik lagi bimbingannya"" 
.
akuâ€¦ https://t.co/JdswXKxgJ5"
2019-07-11 18:28:21,1149384952712007680,"tetangga liat 4 mangga di depan rumah:
ğŸ‘¯â€â™€ï¸ : ""wah bu ismail mangganya gede gede! mantap buat rujak""
ğŸ§•ğŸ» : ""iyaa iniâ€¦ https://t.co/BrY0K8R59C"
2019-07-11 18:13:41,1149381260201955328,"RT @andihiyat: Kerap terjadi

Giliran ngga naksir, sering direspon, ngobrol nyambung, orangnya asik. Giliran sama yang ditaksir, boro-boroâ€¦"
2019-07-11 11:02:02,1149272632979648512,@dsuperboy karna malamnya dia asik stalker mantan bang. suka lupa waktu jadinya.
2019-07-11 11:01:11,1149272416285147136,RT @kaesangp: ANDA TAU TIDAK ARTI 1M ITU APA?? HAH?? 1M = SATU MACAN https://t.co/6ZbgU3MeHK
2019-07-11 11:00:44,1149272305366790144,"RT @HeyBudie: Bilangnya:
Aku gak mau pacaran dulu.
Aku masih ingin sendirian.
Aku masih trauma.
Aku masih belum bisa buka hati untuk siapapâ€¦"
2019-07-11 11:00:06,1149272146566213632,"silahkan goda pasangan saya.
.
.
mumpung saya belum punya pasangan."
2019-07-11 10:52:12,1149270157446926338,@krstnt2 Negara Kebanyakan Rindu Istri (orang)
2019-07-11 10:51:34,1149269997673316353,@Rajibdp +62 wkwkwkland/onta land
2019-07-11 10:50:09,1149269640415072257,@Faizalilham18 sejenis hewan kah?
2019-07-11 06:49:15,1149209016460955648,"cinta tak harus memiliki, tapi kalo ditolak blokir aja. ada?
.
.
.
ADAAA!!"
2019-07-10 13:36:52,1148949209422295043,"stop ngatain bucin, bucin, bucin.
semua akan bucin pada waktunya, ora bucin ora kepenak~"
2019-07-09 09:56:56,1148531474708213760,"SEÃ‘ORITA - @camila_cabello ft. @shawnmendes 
""i love it when u call me senorita.....""
untuk para bucin sedunia sosmâ€¦ https://t.co/XFyA0zi2R2"
2019-07-09 05:07:21,1148458598336356353,"bimbingan, saat dosen pembimbing pms. lebih bikin deg deg an daripada dilamar."
2019-07-02 07:34:20,1145958871984300032,"hari yang sangat cerah, bangun tidur dan mengingatmu."
2019-06-28 17:06:49,1144653391542403072,"""kalo mau liat cantik atau engga coba liat dari kakinya biasanya kalo cewe cantik dari hal sepele aja di perhatiin""â€¦ https://t.co/Wr4PqLjz94"
2019-06-28 17:03:21,1144652519722778624,"Tips hidup bahagia: bebaskan pikiran dari hal hal yang membebanimu. nyinyiran tetangga misalnya, kebahagiaan orangâ€¦ https://t.co/lOwAsmBR6q"
2019-06-27 14:03:14,1144244801937666048,"dari tadi tv engga boleh dipindah channel sama ayah, nonton hasil sidang mk. lagi rame, katanya. 
oh ya, apapun hasâ€¦ https://t.co/50hjgzLGqC"
2019-06-27 13:58:38,1144243644955688966,"lagi musim flu, terus ngayal dichat 'gws yaaa, mau aku bawain makan apa?'
.
.
dih boro2 aku ngechat aja ditinggal main pubg:')"
2019-06-24 14:20:43,1143162039998636032,sakit beneran woyyyy:') https://t.co/LycKlf9S9T
2019-06-24 14:07:06,1143158612858036224,"aku; waktu sakit tapi ngga ada yang percaya, tetep disuruh nyapu rumah dan lipet2 baju:') https://t.co/OxqPbNiOhz"
2019-06-18 19:12:37,1141061171291623424,"jangan tanya kenapa cewek suka random, mood swing, dll. karna kamipun juga ngga tau, taunya pengen di sayang aja, udah."
2019-06-18 01:36:10,1140795304603615232,"yang baik baik engga dipeduliin, yang kelakuannya bad malah ditungguin. ada?
.
.
adaa!!"
2019-06-16 08:46:42,1140178876661817344,"tidak ada yang lebih berfaedah dihari minggu, selain tiduran sambil ngescroll sosmed."
2019-06-14 16:23:08,1139568965359788032,"kuliah, kalo dibikin santai ya hasilnya nyantai, tau tau semester 8 9 10:')"
2019-06-02 17:47:55,1135241647975849985,labilnya diriqu
2019-05-24 14:13:49,1131926279328940033,"pengen anti mainstream, tapi takut di hujat. ya gimana engga takut polisi sipit dibilang antek cina:( untung terlahir sawo matang busuk"
2019-05-24 07:54:51,1131830906677678080,"RT @CH_chotimah: ""Polisi yg berbau PKI sdh menembaki umat Islam secara ugal-ugalan"".

Ini jelas sdng menghasut umat Islam, mengadu domba anâ€¦"
2019-04-29 04:08:17,1122714192018956288,"RT @jokowi: Kita masih di pertengahan 2019, tapi RAPBN untuk tahun 2020 sudah mulai dibahas. Mengapa? Dinamika perekonomian dunia yang teruâ€¦"
2019-04-25 18:05:12,1121475258563715072,ngga ketemu dua tahun makin ganteng aja oppaâ¤ï¸ #WelcomeBackLeeMinHo
2019-04-22 06:05:15,1120206916502691840,"tau gitu engga usah buru kepala dua ah, ribet. ditanyain kawin mulu."
2019-04-16 17:19:36,1118202294917402624,"namanya penyesalan pasti ada dibelakang, kalo di depan namanya pembukaan"
2019-04-13 07:54:05,1116972813682790400,"mendung, sabtu malem minggu, diem diem dikamar, yang dipikirin; keingetan jaman dulu lucu2nya ngedate. pas makan adâ€¦ https://t.co/yw6B7Bk6iA"
2019-04-11 18:53:19,1116413937459707904,"baru sadar,
ternyata terlalu larut dalam kesedihan
terlalu dikurung dalam ketakutan
terlalu merasa rendah
terhadapâ€¦ https://t.co/jWvz26aKJb"
2019-04-11 11:56:11,1116308963341922310,"jangan sok diperjuangkan kamu, orang berjuang ada merdekanya juga."
2019-04-11 10:53:46,1116293257246339072,"yang berbahaya adalah, orang yang tahu dirinya diperjuangkan dan tidak akan dilepaskan."
2019-04-09 11:54:17,1115583711292952576,"sabar, namanya juga numpang."
2019-04-04 07:12:55,1113700961380442112,"ada satu fase dimana ketika kenyataan bertabrakan dengan usaha dan harapan, lalu seseorang melawan sebab memang kenâ€¦ https://t.co/Ej1x2yFmdM"
2019-04-03 16:57:05,1113485582745841665,"perasaan = 40% plong + 60% kehilangan
sebab itu hari ini aku ucapkan sampai jumpa lagi, bukan selamat tinggal. aku benci sad ending!"
2019-04-02 13:11:42,1113066478293737472,"Liburan Indie - Endah and Resha
gila sih ini lagunya asik! liburannya kelasss! 
""menikmati pagi, sore dan malam ditâ€¦ https://t.co/TwMbnnu0lA"
2019-03-27 11:43:27,1110869939139895297,"Pergi Saja - @geishaindonesia 
""Berulang kali kau, kata kan sendiri kini ku tlah benci cintaku tlah pergi...""
.
Sakâ€¦ https://t.co/cTMBbtQx0D"
2019-03-24 09:31:37,1109749601286934528,"kalau ada sumur diladang,
boleh kita menumpang mandi
kalau ada umur yang panjang,
.................................â€¦ https://t.co/hXEAPIjZjb"
2019-03-19 16:54:20,1108049072428974081,hmm
2019-03-15 11:24:01,1106516395213406208,"Kasmaran - jaz_hayat 
""pun aku merasakan, getaranmu mencintaku seperti ku mencintaimuu...""
kalo km jomblo jangan taâ€¦ https://t.co/fUYqQPtLRN"
2019-03-12 11:25:29,1105429600899862529,"penggunaan kalimat 'kurang piknik, kurang kopi'; 'pulangmu kurang malam, mainmu kurang jauh'
dengan anggapan bahwaâ€¦ https://t.co/YSdfVwaWuE"
2019-03-10 06:03:53,1104623891060744194,dibuang sayang. tapi pas udah sayang malah di buang buang. hm https://t.co/5n2eq5LvA0
2019-03-07 01:26:52,1103467015505760258,"sebagai nelayan, dia tidak mampu mengambil semua ikan dilaut."
2019-03-06 16:05:09,1103325653330325504,aja aja ada cobaan orang berhijab:)
2019-03-05 13:15:25,1102920550693900288,"Hai semuanyaaaa selamat malem, hari minggu yg manis kalian kemana? aku mau kasih tau aja nih kalo minggu besok akuâ€¦ https://t.co/onqBgC9bik"
2019-03-03 16:03:36,1102238099650691072,kegabutan. terimakasih https://t.co/eIflEZeqXj
2019-03-03 15:09:32,1102224492930064384,"nikmatnya sehat baru terasa pas lagi sakit. barakallah, sesuatu."
2019-02-26 10:40:44,1100344909196939265,"dear sobat,
aku tahu km sedang euforia dg pilpres.
menjadi tidak benar ketika km mencaci, mencemooh, menjustifikasiâ€¦ https://t.co/B0NEYNZZJw"
2019-02-25 09:38:22,1099966826820263937,"visi dan misi kedepan hanya dipergunakan oleh mereka yang baru, alangkah indahnya apabila satu sama lain bercengkraâ€¦ https://t.co/yOdipFPfFb"
2019-02-25 09:36:54,1099966456521846784,"hampir semua dari mereka menjadi acuh, sebab mereka berpikir selama 1 tahun yg mereka korbankan penuh dengan perjuaâ€¦ https://t.co/5j8AfXRqGA"
2019-02-17 08:46:10,1097054586983002112,SYETUJUHH https://t.co/CNO7ennrLb
2019-02-17 08:45:24,1097054394476945408,terpantau gravitasi pada kasur meningkat 90% ketika hari minggu.
2019-02-13 09:54:15,1095622171156635648,"sementara teman teman saya mengerjakan tugas akhir, saya masih berkutat pada proses lagi yang baru berkenalan dan bâ€¦ https://t.co/IW24K4m1Sp"
2019-02-13 09:47:08,1095620377198288897,"RT @FiersaBesari: SMAN 1 Luwuk Proudly Present :

16th of february 2019 at SMAN 1 Luwuk.
Start from 19.00 - 23.00
.
For more information :â€¦"
2019-02-13 09:46:45,1095620282952216576,"RT @KuntoAjiW: Semakin dewasa, temanmu semakin itu-itu saja."
2019-02-10 15:55:53,1094626014922067974,ngga bisa fokus terlalu banyak beban dikepala bung
2019-02-05 10:22:16,1092730117355274240,"RT @FiersaBesari: â€œAlkohol, kamu jahat tapi enak.
Alkohol, bisa juga buat luka ringan.
Alkohol, walau jahat tetap enak.
Alkohol, walau pajaâ€¦"
2019-02-05 10:17:57,1092729029340221440,RT @FiersaBesari: Bawel! Saya tidak perlu penjelasan apa pun. Hanya butuh dipeluk
2019-02-04 10:58:57,1092376962025250822,"ada konspirasi dibalik nikmatnya makan bakso disaat hujan? enaknya sebentar, gendutnya berhari hari.."
2019-02-03 16:24:31,1092096504309854208,"RT @FiersaBesari: Oh ya. Sudah tentu, saya pun menolak RUU Permusikan. Dunia ini bukan ajang pencarian bakat ala layar kaca, di mana musikaâ€¦"
2019-02-03 16:24:00,1092096373288198144,"takut kalo bahas politik, pemudanya rata2 pada baper. bahkan malah tidak mau tahu."
2019-02-03 05:45:43,1091935746074673153,"jamannya apa apa gampang viral, yang paling penting bukan viralnya. tapi bertahan konsekuen nggak dengan selera musik dan kualitasnya."
2019-02-02 17:35:09,1091751893578043392,"""nanti kalo kamu berkerudung jadi makin nggak indie lagi""
musik mah soal ekspresi sayang, dan setiap manusia bebasâ€¦ https://t.co/WrtxayNGqQ"
2019-02-02 12:55:33,1091681527899942912,"keindahan tidak melulu tentang senja. bukan melulu tentang cinta yang bertatap mata. iya iya iya 
.
tapi persoalan menerima."
2019-01-25 14:49:20,1088811058729574406,"WELCOME TO THE JUNGLE AGAIN PAK BTP, MISS U ANW!ğŸ’‹"
2019-01-25 14:48:14,1088810781842522118,"mengeluh cuma buat orang yang lemah.
sori saat ini aing lemah. capek juga ternyata."
2018-11-19 02:55:30,1064351430830522368,RT @sesiliawenas: Hari ini emosi gue kayak roller coster. Ga kaget harusnya cuma speechless. Ngga ngerti harus ngerespon yg gimana. Kadangâ€¦
2018-11-19 02:53:50,1064351013149171712,"kau seperti hisapan ganja sayang, menenangkan, tapi itu semua hanyalah kesemuan."
2018-11-07 17:19:44,1060220269908774912,"kau seperti bintang-bintang sayang, yang indah kupandang namun sulit ku genggam.
.
sidoarjo, 08 november 2018."
2018-11-06 17:44:15,1059864049100472320,"memang menghilang bukan sebuah solusi, tapi hari ini saya belajar apabila kesabaran tidak mampu menyadarkan. mungkiâ€¦ https://t.co/DLJGP0XbtI"
2018-11-06 17:42:43,1059863662817673216,"malam ini sedang saya renungkan
kalau bukan kepada Tuhan
ditempat mana lagi akan menggantungkan harapan?"
2018-11-04 01:35:12,1058895402949206016,"nggak tau kenapa, tadi malem pas perform bisa nangis sejadi jadinya. rindu emang ngga bisa bohong."
2018-10-29 05:05:59,1056774124071137280,"selamat pagi, kabar duka datang dari lion air jt 610, semoga segalanya dipermudah dan keluarga diberi ketabahan serta kesabaran."
2018-10-27 10:30:33,1056131029059006466,"RT @and1ka97: @jekaxjk Yup bener tuh, tapi disini mendung"
2018-10-27 10:30:30,1056131014605496320,RT @Ehandrizk: @jekaxjk Bukan saran jee.. Pngen denger kamu nyanyiin lagu itu.. Pasti sedep
2018-10-27 10:30:02,1056130898721030144,"selama masih muda jangan takut lelah, sebab ada masa tua yang harus kamu perjuangkan."
2018-10-26 04:18:20,1055674966757203969,"jumat barokah, bukan auto ganteng bagi yang jumatan, tapi banyak keberkahan di hari yang luar biasa panas ini"
2018-10-19 15:31:36,1053307686459076608,@rio_ATj HUAPIKKK miss you anyway!
2018-10-19 11:36:29,1053248518842855424,"@Ehandrizk nanti kalo kosong aku pelajarin ya, terimakasih sarannya"
2018-10-19 11:21:26,1053244727582060544,@AanFirdaus21 halooo
2018-10-19 11:21:12,1053244670023614464,"sebab kesuksesan bukan hanya sekedar dari apa yang sudah kita raih, hidup juga harus memenuhi â€˜bermanfaatâ€™ nggak kiâ€¦ https://t.co/1YF6SXqqhy"
2018-10-19 07:27:30,1053185856633102336,RT @bgsseno: @jekaxjk ğŸ’š
2018-10-19 07:27:26,1053185840212455424,@otsn22 thankyouu! selamat berkenal!
2018-10-19 07:26:42,1053185655914749952,"selamat siang tweeps, sudah segelas aqua siang hari ini?"
2018-10-18 15:09:41,1052939784618790913,"Selamat malam burung biru, sebelum para followers datang. izinkan saya ungkapkan rindu, dulunya berawal dari retweeâ€¦ https://t.co/dmbizSSbob"
